-- phpMyAdmin SQL Dump
-- version 4.8.3
-- https://www.phpmyadmin.net/
--
-- Host: 127.0.0.1
-- Generation Time: Nov 28, 2018 at 06:40 PM
-- Server version: 10.1.35-MariaDB
-- PHP Version: 7.2.9

SET SQL_MODE = "NO_AUTO_VALUE_ON_ZERO";
SET AUTOCOMMIT = 0;
START TRANSACTION;
SET time_zone = "+00:00";


/*!40101 SET @OLD_CHARACTER_SET_CLIENT=@@CHARACTER_SET_CLIENT */;
/*!40101 SET @OLD_CHARACTER_SET_RESULTS=@@CHARACTER_SET_RESULTS */;
/*!40101 SET @OLD_COLLATION_CONNECTION=@@COLLATION_CONNECTION */;
/*!40101 SET NAMES utf8mb4 */;

--
-- Database: `eapi`
--

-- --------------------------------------------------------

--
-- Table structure for table `migrations`
--

CREATE TABLE `migrations` (
  `id` int(10) UNSIGNED NOT NULL,
  `migration` varchar(255) COLLATE utf8_unicode_ci NOT NULL,
  `batch` int(11) NOT NULL
) ENGINE=InnoDB DEFAULT CHARSET=utf8 COLLATE=utf8_unicode_ci;

--
-- Dumping data for table `migrations`
--

INSERT INTO `migrations` (`id`, `migration`, `batch`) VALUES
(1, '2014_10_12_000000_create_users_table', 1),
(2, '2014_10_12_100000_create_password_resets_table', 1),
(3, '2018_11_28_141103_create_products_table', 1),
(4, '2018_11_28_141529_create_reviews_table', 1);

-- --------------------------------------------------------

--
-- Table structure for table `password_resets`
--

CREATE TABLE `password_resets` (
  `email` varchar(255) COLLATE utf8_unicode_ci NOT NULL,
  `token` varchar(255) COLLATE utf8_unicode_ci NOT NULL,
  `created_at` timestamp NULL DEFAULT NULL
) ENGINE=InnoDB DEFAULT CHARSET=utf8 COLLATE=utf8_unicode_ci;

-- --------------------------------------------------------

--
-- Table structure for table `products`
--

CREATE TABLE `products` (
  `id` int(10) UNSIGNED NOT NULL,
  `name` varchar(255) COLLATE utf8_unicode_ci NOT NULL,
  `detail` text COLLATE utf8_unicode_ci NOT NULL,
  `price` int(11) NOT NULL,
  `stock` int(11) NOT NULL,
  `discount` int(11) NOT NULL,
  `created_at` timestamp NULL DEFAULT NULL,
  `updated_at` timestamp NULL DEFAULT NULL
) ENGINE=InnoDB DEFAULT CHARSET=utf8 COLLATE=utf8_unicode_ci;

--
-- Dumping data for table `products`
--

INSERT INTO `products` (`id`, `name`, `detail`, `price`, `stock`, `discount`, `created_at`, `updated_at`) VALUES
(3, 'harum', 'Quis molestiae et adipisci sed voluptas aut. Voluptatem ipsum voluptatem voluptatum exercitationem sed. Consequuntur et voluptas nostrum sapiente repellat et animi. Nemo vitae nesciunt nobis adipisci nulla doloremque esse.', 116, 1, 9, '2018-11-28 15:13:52', '2018-11-28 15:13:52'),
(4, 'amet', 'Aut quae suscipit fugiat fugit fugit et. Iste rerum voluptatem aut laborum a. Eligendi voluptas harum deleniti voluptatem et.', 999, 1, 7, '2018-11-28 15:13:52', '2018-11-28 15:13:52'),
(5, 'voluptate', 'Tempora et non amet et. Et esse sed praesentium saepe dolore minus. Nostrum nulla explicabo optio ut vel et.', 958, 1, 15, '2018-11-28 15:13:53', '2018-11-28 15:13:53'),
(6, 'laudantium', 'Natus quis autem incidunt ratione cupiditate. Ut ipsa omnis accusantium rerum molestiae expedita minus. Iure consequuntur suscipit voluptatem qui eos in ullam. Architecto id voluptatem inventore quae maiores non facilis.', 641, 7, 29, '2018-11-28 15:13:53', '2018-11-28 15:13:53'),
(7, 'voluptatem', 'Qui aut ut et officia voluptas sequi. Tenetur quos ab et qui. Et iste et eaque illum vel fugiat. Qui ipsam odit blanditiis tenetur ipsam.', 192, 5, 30, '2018-11-28 15:13:53', '2018-11-28 15:13:53'),
(8, 'saepe', 'Distinctio consectetur et esse non et ut vero. Praesentium qui ipsam tempore dolor voluptatem voluptates dolores. Quo similique et quis molestiae voluptas fuga.', 874, 3, 5, '2018-11-28 15:13:53', '2018-11-28 15:13:53'),
(9, 'et', 'Sapiente perferendis molestias accusantium. Enim voluptatem distinctio quae eaque voluptatibus eligendi. Et quidem quisquam eveniet qui odio dicta veniam aliquam.', 670, 1, 16, '2018-11-28 15:13:53', '2018-11-28 15:13:53'),
(10, 'ut', 'Nisi rem enim voluptas delectus asperiores quisquam. Eos ad neque vel eveniet. In quo est molestias id illum aut.', 466, 2, 21, '2018-11-28 15:13:54', '2018-11-28 15:13:54'),
(11, 'voluptatum', 'Ut ea aperiam aut amet impedit tempore in. Id assumenda rerum numquam aut deleniti omnis. Exercitationem illo aut at quaerat vel. Ea accusamus laboriosam qui et ratione dolores.', 553, 4, 21, '2018-11-28 15:13:54', '2018-11-28 15:13:54'),
(12, 'temporibus', 'Officiis soluta fuga asperiores deleniti quia non. Mollitia deserunt ut optio quaerat. Beatae est aperiam quas et ea et. Unde autem dolores debitis saepe temporibus. Dolor sed ut et quas voluptate.', 731, 3, 17, '2018-11-28 15:13:54', '2018-11-28 15:13:54'),
(13, 'est', 'Ullam ratione omnis incidunt dolore quia. Vel mollitia aut provident saepe. Non voluptas necessitatibus enim quis aut qui consequatur.', 753, 6, 18, '2018-11-28 15:13:54', '2018-11-28 15:13:54'),
(14, 'quo', 'Praesentium iusto sit neque autem aut cumque corporis. Dolorum sed corporis enim qui dolores non qui. Laborum ut id consequatur dolorum sint consectetur.', 808, 7, 21, '2018-11-28 15:13:55', '2018-11-28 15:13:55'),
(15, 'qui', 'Ex consequatur consequatur eum quae ducimus. At excepturi velit magni est. Vitae placeat neque optio cupiditate sunt ea autem.', 813, 6, 10, '2018-11-28 15:13:55', '2018-11-28 15:13:55'),
(16, 'eum', 'Perferendis autem et minus. Fugiat id eum debitis dolores ut. Unde et unde aut repellat. Ducimus dolores doloremque nisi impedit iure pariatur enim.', 101, 5, 14, '2018-11-28 15:13:55', '2018-11-28 15:13:55'),
(17, 'dicta', 'Esse dignissimos aliquam architecto nemo expedita fugit. Atque ut blanditiis nisi velit omnis eligendi. Quo maxime totam quo error sed.', 188, 4, 20, '2018-11-28 15:13:55', '2018-11-28 15:13:55'),
(18, 'ut', 'Et doloremque vitae repellat voluptate qui ut. Praesentium quia sed possimus nihil quo. Molestiae rerum veritatis et dolores numquam.', 637, 7, 14, '2018-11-28 15:13:55', '2018-11-28 15:13:55'),
(19, 'non', 'Id maxime non voluptates. Enim amet rerum quasi eligendi voluptate molestias ut. Ratione temporibus voluptatibus nesciunt. Exercitationem similique natus et eos est.', 858, 0, 29, '2018-11-28 15:13:55', '2018-11-28 15:13:55'),
(20, 'omnis', 'Neque alias rerum a. Laboriosam ipsa ipsam quis vel. Voluptatem alias vitae dicta iure ad distinctio. Neque aut omnis sint dolores cumque.', 615, 6, 18, '2018-11-28 15:13:56', '2018-11-28 15:13:56'),
(21, 'aliquid', 'Esse sit laudantium quibusdam laborum quis sed. Qui non accusantium sed blanditiis alias eum tempora. Aut aut aut incidunt.', 978, 6, 22, '2018-11-28 15:13:56', '2018-11-28 15:13:56'),
(22, 'sunt', 'Nisi ut expedita ea ut sit. Animi est quae nobis voluptatum iure quod voluptatem accusantium. Et consectetur labore quis tenetur quis laudantium qui.', 141, 7, 16, '2018-11-28 15:13:56', '2018-11-28 15:13:56'),
(23, 'alias', 'Voluptate ipsa qui quaerat veritatis repellat voluptatum. Reprehenderit deserunt id omnis ut nobis sed et. Ipsum et vel beatae qui sit quis architecto. Et et illo sunt enim.', 411, 7, 26, '2018-11-28 15:13:56', '2018-11-28 15:13:56'),
(24, 'eos', 'Sed atque laboriosam aut veniam accusamus aperiam ut. Voluptates iste molestiae et cumque officia. Expedita sint dolorum non unde vitae aliquid laborum. Ipsam et enim nesciunt eos et error. Aut ea iste laudantium dolorum.', 790, 7, 19, '2018-11-28 15:13:56', '2018-11-28 15:13:56'),
(25, 'quia', 'Modi facere est beatae ut ullam. Qui qui qui qui consequatur necessitatibus est dolores. Et blanditiis vel qui consequatur et praesentium. Minima consequatur ea occaecati blanditiis minus tempore.', 211, 4, 2, '2018-11-28 15:13:56', '2018-11-28 15:13:56'),
(26, 'ut', 'Itaque nemo aperiam neque est veritatis cumque ab. Quod accusamus sapiente sint vel voluptatum ducimus. Qui harum ut numquam nihil a maiores voluptate. Sed fuga illum dicta at.', 270, 5, 27, '2018-11-28 15:13:57', '2018-11-28 15:13:57'),
(27, 'illo', 'Ut dolorem assumenda doloribus. Qui molestiae amet error molestiae rerum non a. Dolores velit placeat ullam. Qui ducimus minima a alias.', 317, 1, 15, '2018-11-28 15:13:57', '2018-11-28 15:13:57'),
(28, 'sed', 'Quod eum aliquid nemo mollitia ea iste ab sed. Ut quibusdam voluptatum aut quam. Et minima magnam autem rerum amet aut facilis cumque. Est sit asperiores ea at error omnis sunt. Et cupiditate quos nesciunt et doloribus quo quibusdam.', 818, 7, 4, '2018-11-28 15:13:58', '2018-11-28 15:13:58'),
(29, 'sequi', 'Assumenda labore modi nesciunt dolore. Totam recusandae qui facilis voluptate. Iusto odio dolorum corrupti et nisi voluptatem quam. Dolores reprehenderit eaque similique molestias accusantium non.', 184, 6, 23, '2018-11-28 15:13:58', '2018-11-28 15:13:58'),
(30, 'et', 'Odit qui totam sapiente voluptas. Dolor error porro quis ducimus velit. Quam aut eveniet cupiditate voluptatum soluta ut eos. Quae aliquid omnis qui ut blanditiis consequatur consectetur.', 227, 8, 19, '2018-11-28 15:13:58', '2018-11-28 15:13:58'),
(31, 'et', 'Inventore qui reprehenderit et quod consectetur omnis. Dolor aut deserunt et.', 684, 8, 16, '2018-11-28 15:13:58', '2018-11-28 15:13:58'),
(32, 'optio', 'Aut earum hic quo repudiandae hic nihil esse. Sed assumenda veniam est. Ipsum pariatur eum ut illum quo sint. Reprehenderit facere voluptatem sed sunt ipsam necessitatibus.', 245, 0, 26, '2018-11-28 15:13:58', '2018-11-28 15:13:58'),
(33, 'doloribus', 'Soluta sed qui aut quidem qui voluptatem aut impedit. Cumque quos voluptatibus officia officiis. Hic qui vel officia incidunt est eos. Ut vel suscipit ut repellat id. Recusandae fuga soluta ut corporis aut rerum qui.', 244, 5, 22, '2018-11-28 15:13:58', '2018-11-28 15:13:58'),
(34, 'iusto', 'Vel eos nam voluptatum quidem. Perferendis quasi vel et vitae fuga quia provident et. Sunt consequatur qui quod qui nihil. Eum assumenda nulla voluptate voluptatum animi ullam aliquid.', 998, 6, 17, '2018-11-28 15:13:59', '2018-11-28 15:13:59'),
(35, 'voluptatibus', 'Facilis rerum consequatur ad et. Est qui itaque soluta est.', 967, 0, 14, '2018-11-28 15:13:59', '2018-11-28 15:13:59'),
(36, 'consectetur', 'Fugiat quo illum quis. Laudantium voluptas earum temporibus similique dolores. Consectetur asperiores libero quia.', 450, 7, 30, '2018-11-28 15:13:59', '2018-11-28 15:13:59'),
(37, 'voluptatem', 'Iusto beatae nihil ut vitae cupiditate nobis. Sequi adipisci sed ex vel eaque distinctio aut. Enim ullam praesentium dolorem eligendi.', 230, 0, 10, '2018-11-28 15:13:59', '2018-11-28 15:13:59'),
(38, 'sunt', 'Eligendi consequuntur dolorem saepe modi optio. Vel explicabo modi quaerat repellat accusantium culpa quo et. Necessitatibus qui ut modi at id velit et.', 581, 4, 29, '2018-11-28 15:13:59', '2018-11-28 15:13:59'),
(39, 'ut', 'Quod illum facere tenetur. Autem ipsum ea sint quaerat reiciendis.', 380, 7, 17, '2018-11-28 15:13:59', '2018-11-28 15:13:59'),
(40, 'cum', 'Reiciendis excepturi quia dolorum. Dolorem quo qui itaque qui veniam. Saepe quasi minus aut. Repudiandae tempora ex rerum est consequatur in consectetur.', 433, 9, 19, '2018-11-28 15:14:00', '2018-11-28 15:14:00'),
(41, 'voluptatem', 'Omnis delectus maiores quia atque eaque excepturi reprehenderit. Iste eum ipsum necessitatibus voluptates dicta. Repellendus est at aspernatur veniam illum incidunt.', 495, 0, 30, '2018-11-28 15:14:00', '2018-11-28 15:14:00'),
(42, 'enim', 'Omnis omnis doloribus sunt temporibus. Hic voluptatem eum perspiciatis esse. Explicabo eius officia nulla inventore. Voluptate et quisquam aut distinctio voluptatem architecto odio aut.', 979, 4, 23, '2018-11-28 15:14:00', '2018-11-28 15:14:00'),
(43, 'ipsa', 'Et aut et est consequuntur accusantium vero. Dolores et est dolorem enim mollitia aut. Sed officia enim at aut. Nostrum repellat ut deleniti sit.', 302, 4, 16, '2018-11-28 15:14:00', '2018-11-28 15:14:00'),
(44, 'velit', 'Temporibus perferendis molestiae voluptas a tempore labore. Et accusamus facere ad ut nisi sapiente. Ut laborum et laborum consequuntur.', 517, 5, 16, '2018-11-28 15:14:01', '2018-11-28 15:14:01'),
(45, 'est', 'Dolorem ad molestiae ex deserunt. Nihil assumenda qui quaerat iusto. Reprehenderit odio sit at aut fugit sed quis architecto.', 551, 3, 18, '2018-11-28 15:14:01', '2018-11-28 15:14:01'),
(46, 'qui', 'Distinctio ex suscipit facilis nostrum tempora commodi velit quod. Quidem similique exercitationem quasi perspiciatis aut magnam consequatur assumenda. Minima quod delectus eos sunt natus dicta et eligendi. Maiores consequatur aliquid et reprehenderit eveniet rerum quia.', 542, 3, 7, '2018-11-28 15:14:01', '2018-11-28 15:14:01'),
(47, 'iste', 'Quae voluptatum consequuntur error sed dolorem laudantium est. Praesentium excepturi aut reiciendis veniam. Eos quae in ullam modi.', 690, 6, 26, '2018-11-28 15:14:01', '2018-11-28 15:14:01'),
(48, 'libero', 'Velit et est numquam tempore eius occaecati rerum. Ullam earum sint aut et inventore voluptates.', 580, 4, 2, '2018-11-28 15:14:01', '2018-11-28 15:14:01'),
(49, 'iusto', 'A excepturi laborum est sed cupiditate nostrum expedita. Quo quisquam autem dolor accusamus rerum. Cum quis deserunt ut dolor. Officiis dolorem unde asperiores quia nesciunt aliquid voluptas.', 485, 8, 12, '2018-11-28 15:14:01', '2018-11-28 15:14:01'),
(50, 'assumenda', 'Quo officiis quidem nobis laborum. Repellendus aliquid enim hic earum a ipsum saepe. Facilis ut aliquid cupiditate voluptas. Tempora autem veritatis aut est assumenda dolorum.', 649, 8, 9, '2018-11-28 15:14:01', '2018-11-28 15:14:01');

-- --------------------------------------------------------

--
-- Table structure for table `reviews`
--

CREATE TABLE `reviews` (
  `id` int(10) UNSIGNED NOT NULL,
  `product_id` int(10) UNSIGNED NOT NULL,
  `customer` varchar(255) COLLATE utf8_unicode_ci NOT NULL,
  `review` text COLLATE utf8_unicode_ci NOT NULL,
  `star` int(11) NOT NULL,
  `created_at` timestamp NULL DEFAULT NULL,
  `updated_at` timestamp NULL DEFAULT NULL
) ENGINE=InnoDB DEFAULT CHARSET=utf8 COLLATE=utf8_unicode_ci;

--
-- Dumping data for table `reviews`
--

INSERT INTO `reviews` (`id`, `product_id`, `customer`, `review`, `star`, `created_at`, `updated_at`) VALUES
(1, 28, 'quam', 'Provident eos amet at sed deleniti. Officia adipisci voluptas mollitia aspernatur commodi. Nisi quaerat autem itaque rerum.', 4, '2018-11-28 15:37:14', '2018-11-28 15:37:14'),
(2, 26, 'modi', 'Itaque voluptatem beatae sed porro iusto qui. Harum consequatur praesentium qui possimus dolorem corporis sapiente. Autem assumenda quia dolor maiores aut voluptas incidunt. Sunt voluptas corrupti voluptatum sunt saepe labore nihil.', 1, '2018-11-28 15:37:15', '2018-11-28 15:37:15'),
(3, 33, 'eos', 'Asperiores iusto et placeat ratione. Rem ut dolores molestiae eveniet aspernatur qui. Non ducimus soluta laboriosam consequuntur vero.', 3, '2018-11-28 15:37:15', '2018-11-28 15:37:15'),
(4, 35, 'voluptate', 'Nisi est iure quia veritatis consequatur perspiciatis. Sequi enim id eum illum sint facere voluptas. Quo dolore rerum minima debitis labore dolorem. Et culpa est molestias. Dolores deserunt unde ratione veritatis veniam neque sapiente.', 5, '2018-11-28 15:37:17', '2018-11-28 15:37:17'),
(5, 44, 'et', 'Non aperiam explicabo corrupti optio qui. Consequatur et et vero sint. Perferendis consequuntur earum enim ex.', 3, '2018-11-28 15:37:18', '2018-11-28 15:37:18'),
(6, 12, 'nihil', 'Dolorum nisi tempora omnis aut. Temporibus ut a rerum ad reiciendis sequi voluptatem. Accusamus porro tenetur repellendus aut. Minus vel explicabo repellendus molestiae iusto. Voluptatum officiis accusamus sapiente voluptas eum ut ut.', 1, '2018-11-28 15:37:18', '2018-11-28 15:37:18'),
(7, 33, 'ut', 'Alias rerum ab est quis quis perspiciatis. Dolorem hic omnis praesentium blanditiis. Quia aut tempora consequatur quia.', 2, '2018-11-28 15:37:19', '2018-11-28 15:37:19'),
(8, 50, 'quia', 'Aut ullam eveniet error eligendi quos alias corrupti. Et rem aut non ullam et tempore eligendi. Alias quas a neque cumque minima dicta.', 1, '2018-11-28 15:37:19', '2018-11-28 15:37:19'),
(9, 36, 'facilis', 'At rerum repellat ipsum explicabo aut laborum dolorum. Necessitatibus illo delectus ea possimus vel id in.', 5, '2018-11-28 15:37:19', '2018-11-28 15:37:19'),
(10, 12, 'commodi', 'Rerum sed voluptas quia repellat quidem aspernatur sit. Vel quos rem consectetur hic et mollitia atque. Officiis sed fugiat quisquam laborum aliquid. Et facilis incidunt sunt. Pariatur tempore et fuga doloremque ullam inventore error ut.', 5, '2018-11-28 15:37:20', '2018-11-28 15:37:20'),
(11, 47, 'quaerat', 'Facilis veritatis aut porro velit earum sed sequi. Quas provident mollitia quisquam dolores qui eos voluptas. Sint aut dignissimos et reiciendis et iste. Porro ipsam voluptates minima in.', 1, '2018-11-28 15:37:20', '2018-11-28 15:37:20'),
(12, 37, 'ea', 'Incidunt non qui consequatur veniam illum. Ut deserunt consequatur minima nemo voluptas est amet. Similique deleniti et consequatur. Eos recusandae delectus iste quisquam eum non maxime. Similique molestiae error reprehenderit perspiciatis.', 3, '2018-11-28 15:37:21', '2018-11-28 15:37:21'),
(13, 46, 'perspiciatis', 'Aut fugiat culpa asperiores alias dolorum. Officiis voluptas harum aspernatur doloremque quidem eveniet.', 3, '2018-11-28 15:37:22', '2018-11-28 15:37:22'),
(14, 21, 'eum', 'Itaque rem id magnam quia consequatur eum sint temporibus. Consectetur aut vitae nesciunt dolorem praesentium enim ea. Quibusdam debitis id exercitationem pariatur distinctio.', 1, '2018-11-28 15:37:23', '2018-11-28 15:37:23'),
(15, 28, 'perferendis', 'Blanditiis debitis voluptas vel unde adipisci ducimus. Vel ea explicabo saepe dolorum. Dignissimos sed quo excepturi maxime non odit. Error blanditiis quaerat explicabo quam vero.', 4, '2018-11-28 15:37:23', '2018-11-28 15:37:23'),
(16, 23, 'ratione', 'Aliquam iure quia et. Nam explicabo non fugit magnam quia ea.', 5, '2018-11-28 15:37:24', '2018-11-28 15:37:24'),
(17, 7, 'non', 'Dolorem dolor quis voluptates. Laboriosam expedita eos commodi. Et provident sunt temporibus nemo ut. Architecto vero vel distinctio ut ea quia autem praesentium.', 3, '2018-11-28 15:37:24', '2018-11-28 15:37:24'),
(18, 6, 'rerum', 'Quibusdam soluta eligendi ipsam tenetur maxime accusamus aut voluptatem. Facere neque excepturi voluptatem debitis minima. Et corporis error velit voluptatem minima ut qui tempora.', 3, '2018-11-28 15:37:24', '2018-11-28 15:37:24'),
(19, 26, 'iure', 'Ullam quae provident quia rerum doloremque. Pariatur vel placeat id dolorum. Veniam ipsum aut est ut mollitia. Perferendis saepe aut laborum vero ad distinctio adipisci eaque. Fugiat nemo hic eum dolores harum autem.', 2, '2018-11-28 15:37:24', '2018-11-28 15:37:24'),
(20, 14, 'ut', 'Culpa et quis veniam quidem quo et iusto. Et exercitationem dolorem illo debitis. Culpa aut quaerat nisi odit perspiciatis. Deleniti autem culpa cupiditate non enim. Voluptas aut omnis nemo incidunt sunt unde animi quibusdam.', 2, '2018-11-28 15:37:25', '2018-11-28 15:37:25'),
(21, 48, 'dolores', 'Nesciunt qui rerum et deleniti praesentium corrupti veniam. Mollitia totam nihil voluptatem ullam et veniam. Maxime tempore alias assumenda distinctio ipsum sed earum.', 5, '2018-11-28 15:37:25', '2018-11-28 15:37:25'),
(22, 30, 'possimus', 'Nihil quod in quis unde. Distinctio vel id sint tempora ipsum et alias quaerat. Quos ea excepturi consequatur quo. Temporibus rerum mollitia voluptatem earum est necessitatibus eos.', 2, '2018-11-28 15:37:26', '2018-11-28 15:37:26'),
(23, 37, 'inventore', 'Necessitatibus laborum et est quidem corrupti est asperiores. Quaerat totam ea vel.', 1, '2018-11-28 15:37:26', '2018-11-28 15:37:26'),
(24, 11, 'quibusdam', 'In et aut sed reprehenderit. Nobis alias fugit quod iste dolorem iste blanditiis accusamus. Dolorem repellat est nam inventore incidunt et. Facilis saepe iste perspiciatis quas a ex eius.', 1, '2018-11-28 15:37:26', '2018-11-28 15:37:26'),
(25, 4, 'optio', 'Architecto vitae ut quaerat exercitationem et quia odio. Rem nulla fugit omnis est velit voluptas qui. Dolores ullam sint quibusdam tempore.', 4, '2018-11-28 15:37:26', '2018-11-28 15:37:26'),
(26, 39, 'ab', 'Est accusamus fugiat hic non adipisci. Quis iusto et molestiae. Voluptatem perspiciatis debitis autem rem. Id odio quia consequatur voluptatem consequatur qui delectus architecto.', 3, '2018-11-28 15:37:27', '2018-11-28 15:37:27'),
(27, 46, 'et', 'Quisquam quia aut non debitis. Eos qui aut fugit non quis quis harum unde. Dolorum aperiam corrupti maiores dignissimos doloremque deserunt eaque. Harum ipsa nisi minus aliquid iste suscipit ipsum.', 1, '2018-11-28 15:37:27', '2018-11-28 15:37:27'),
(28, 13, 'eum', 'Deleniti voluptates et alias hic illum perferendis. Qui harum sed occaecati quis nemo consequatur consequatur ad.', 3, '2018-11-28 15:37:27', '2018-11-28 15:37:27'),
(29, 28, 'animi', 'Fugit blanditiis alias aut quis dolorem delectus a. Odio sit repudiandae omnis qui est sed sit in.', 3, '2018-11-28 15:37:28', '2018-11-28 15:37:28'),
(30, 18, 'incidunt', 'Odit sint doloribus corporis omnis similique accusantium. Reprehenderit nobis atque dolor cum. Sed veniam autem commodi labore harum ut quibusdam ratione.', 4, '2018-11-28 15:37:29', '2018-11-28 15:37:29'),
(31, 48, 'velit', 'Culpa rem maiores facere consequatur eligendi expedita sit. Aut ducimus optio in vel. Quibusdam et eos et. Aut enim autem qui voluptatum quasi.', 2, '2018-11-28 15:37:29', '2018-11-28 15:37:29'),
(32, 40, 'ut', 'Veritatis dolor velit non dicta. Aperiam totam aut repudiandae autem et deleniti cupiditate. Aut et ut ut voluptas.', 1, '2018-11-28 15:37:29', '2018-11-28 15:37:29'),
(33, 9, 'eum', 'Vel nam laborum et quasi harum odio exercitationem eveniet. Autem ea quo dolorem id aut quam quis. Quasi iusto aut culpa. Repudiandae ut aperiam corporis neque dicta eveniet in enim.', 1, '2018-11-28 15:37:29', '2018-11-28 15:37:29'),
(34, 14, 'veniam', 'Sapiente fugiat tenetur quae culpa. Vero dolores autem neque molestiae excepturi. Aperiam labore asperiores sunt.', 1, '2018-11-28 15:37:30', '2018-11-28 15:37:30'),
(35, 15, 'labore', 'Culpa ducimus recusandae velit aut dolorem qui. Placeat cupiditate id et est. Sit laborum porro perspiciatis neque consequuntur voluptas.', 4, '2018-11-28 15:37:30', '2018-11-28 15:37:30'),
(36, 41, 'voluptatem', 'Ullam ipsum alias amet ex qui id nemo. Rerum voluptatem quo non. Inventore quasi culpa dicta rerum earum porro perspiciatis id.', 5, '2018-11-28 15:37:31', '2018-11-28 15:37:31'),
(37, 23, 'qui', 'Non similique aut eos rerum. Voluptates totam explicabo dolores necessitatibus autem ullam.', 1, '2018-11-28 15:37:31', '2018-11-28 15:37:31'),
(38, 10, 'dolores', 'In aliquid quibusdam est et dolor. Id eligendi cupiditate non maiores deleniti impedit esse. Recusandae iusto earum quis aut nam mollitia omnis. Nemo aliquid error debitis quas et.', 2, '2018-11-28 15:37:31', '2018-11-28 15:37:31'),
(39, 43, 'omnis', 'Pariatur aspernatur recusandae qui blanditiis ducimus tempore. Eos quo et rem in. Quae rerum libero quasi enim.', 5, '2018-11-28 15:37:32', '2018-11-28 15:37:32'),
(40, 18, 'ab', 'Nisi aut recusandae ut ad. Enim fugiat eligendi ad debitis eos. Sunt non recusandae perspiciatis dolor. Nemo consequatur dolor et doloribus.', 1, '2018-11-28 15:37:32', '2018-11-28 15:37:32'),
(41, 50, 'facere', 'Adipisci quo enim nihil sequi. Reiciendis perspiciatis rerum distinctio et. Dolorem exercitationem quis magni iusto eius laboriosam recusandae. Cupiditate et delectus earum et sit temporibus libero minima.', 3, '2018-11-28 15:37:32', '2018-11-28 15:37:32'),
(42, 36, 'cumque', 'Odit numquam modi dolores quasi voluptas. Pariatur aut qui earum consequatur beatae numquam. Ducimus cum esse dolore accusantium aliquam sed et.', 4, '2018-11-28 15:37:32', '2018-11-28 15:37:32'),
(43, 14, 'eos', 'Id qui sapiente quaerat dolores suscipit tenetur aut. Nemo earum ab modi est rerum aliquam voluptatum omnis. Laboriosam voluptas consectetur et quo omnis.', 4, '2018-11-28 15:37:33', '2018-11-28 15:37:33'),
(44, 33, 'facilis', 'Quod id aut quas consequuntur impedit totam in. Minus quo dolores ea quibusdam iure eos omnis dolor. Voluptates ipsam voluptatem omnis voluptas iste omnis velit quis.', 1, '2018-11-28 15:37:33', '2018-11-28 15:37:33'),
(45, 18, 'quia', 'Doloribus harum quas officiis dolores iure necessitatibus necessitatibus doloremque. Aperiam dolor fuga consequuntur autem doloribus nihil. Blanditiis consequuntur tempore voluptatem ut officia sed fugiat. Eaque illo exercitationem nemo non provident dolores tenetur voluptates.', 3, '2018-11-28 15:37:33', '2018-11-28 15:37:33'),
(46, 27, 'voluptatem', 'Et ea repellendus praesentium quo dolor. Consectetur illo iste neque rerum quas ea aut debitis. Maiores voluptatem sunt et similique molestiae.', 4, '2018-11-28 15:37:33', '2018-11-28 15:37:33'),
(47, 46, 'voluptatum', 'Vel quam eum expedita ut tempore assumenda consequuntur. Eum delectus et labore corrupti quis harum eum. Eum sequi veniam distinctio aut nisi temporibus qui nemo.', 4, '2018-11-28 15:37:34', '2018-11-28 15:37:34'),
(48, 50, 'officia', 'Ut et ab debitis est nulla quam veritatis. Nisi facere molestias rerum ullam cum suscipit nihil. Labore aliquam molestiae dolor ipsam aliquam omnis nihil itaque.', 5, '2018-11-28 15:37:34', '2018-11-28 15:37:34'),
(49, 18, 'quam', 'Ducimus suscipit molestiae ad et fugiat numquam quaerat. Aut officia deserunt ipsam vero et rerum at. Dolorem ipsam delectus odit cupiditate.', 3, '2018-11-28 15:37:34', '2018-11-28 15:37:34'),
(50, 44, 'rem', 'Omnis et aliquid omnis quia. Ut ipsam nisi quo consequatur esse aut vel voluptas. Neque reprehenderit eos sint sed. Omnis quia saepe aliquam perferendis minus qui.', 5, '2018-11-28 15:37:35', '2018-11-28 15:37:35'),
(51, 8, 'porro', 'Quidem perferendis harum in dicta. Nobis nihil aspernatur aut quo hic. Molestiae sint expedita reprehenderit nihil. Quos est at repellat voluptatibus quia quae et.', 1, '2018-11-28 15:37:35', '2018-11-28 15:37:35'),
(52, 9, 'voluptatibus', 'Qui molestiae asperiores ut sed omnis inventore dolorum. Qui occaecati et ab non et consequatur. Ut voluptatem et qui voluptatum illum. Aliquam et qui sint ipsam amet. Sequi perspiciatis et veritatis laborum omnis eum maiores eius.', 4, '2018-11-28 15:37:35', '2018-11-28 15:37:35'),
(53, 8, 'necessitatibus', 'Provident eligendi et dolorem quibusdam qui nesciunt unde. Aspernatur eos sequi exercitationem qui. Est corporis perferendis reiciendis eos.', 2, '2018-11-28 15:37:36', '2018-11-28 15:37:36'),
(54, 14, 'magnam', 'Facilis et in fuga quam fugiat. Impedit nulla ut sint aut. Iusto repellat repellendus ducimus ut eos non repellendus ea.', 4, '2018-11-28 15:37:36', '2018-11-28 15:37:36'),
(55, 25, 'itaque', 'Temporibus eaque ab a ea earum. Dolorem quia consequuntur accusamus. Eaque hic et omnis natus nesciunt.', 2, '2018-11-28 15:37:36', '2018-11-28 15:37:36'),
(56, 35, 'molestias', 'Unde qui sint debitis qui dolorem quaerat id. Animi ab animi delectus eos. Blanditiis architecto vitae velit facere et. Ab quia voluptatem explicabo nisi aliquam consequatur magnam.', 1, '2018-11-28 15:37:37', '2018-11-28 15:37:37'),
(57, 45, 'et', 'Minus facilis dolorem rerum perferendis. Repellendus voluptates quia numquam maxime numquam et cumque.', 1, '2018-11-28 15:37:37', '2018-11-28 15:37:37'),
(58, 34, 'ullam', 'Minus voluptas dolores aut aspernatur hic temporibus. Molestiae natus qui quas provident cumque ut. Dolor id vel nam voluptatibus qui doloremque in.', 3, '2018-11-28 15:37:37', '2018-11-28 15:37:37'),
(59, 30, 'omnis', 'Aspernatur quaerat sed nihil sint. Consequatur impedit laudantium minus beatae recusandae fugiat quas. Asperiores iusto explicabo illum exercitationem atque enim provident.', 2, '2018-11-28 15:37:37', '2018-11-28 15:37:37'),
(60, 10, 'cumque', 'Et beatae quod iure mollitia nesciunt omnis expedita dicta. Veritatis assumenda sequi eveniet quod id ad nostrum. Temporibus ullam aliquam sit et omnis. Autem dolorem doloremque harum maiores commodi cum.', 3, '2018-11-28 15:37:37', '2018-11-28 15:37:37'),
(61, 49, 'delectus', 'Maiores eos dolores eveniet dicta natus est deleniti. Minus fuga similique neque.', 5, '2018-11-28 15:37:38', '2018-11-28 15:37:38'),
(62, 3, 'cumque', 'Et praesentium dolorem dolorum hic id assumenda voluptatem. Quia labore culpa rerum eius quis rem. Consequatur velit ab labore excepturi occaecati est omnis. Quaerat quia cumque aut et et voluptas qui.', 4, '2018-11-28 15:37:38', '2018-11-28 15:37:38'),
(63, 7, 'dolore', 'Incidunt in asperiores eligendi voluptatem eius quia. Nihil quia cum et nisi. Quam dicta doloribus quidem itaque.', 3, '2018-11-28 15:37:38', '2018-11-28 15:37:38'),
(64, 39, 'quia', 'Vero sed ipsum ut minus eos ab quidem provident. Dicta explicabo ducimus voluptatum. Omnis velit quasi aut in fuga.', 3, '2018-11-28 15:37:38', '2018-11-28 15:37:38'),
(65, 22, 'eaque', 'In incidunt quisquam quia dicta. Ducimus sint voluptates nihil unde officia eligendi. Deserunt omnis et laborum quod sapiente doloremque aliquam. Esse inventore libero nihil blanditiis animi recusandae iste. Voluptatem velit suscipit maiores eaque totam.', 4, '2018-11-28 15:37:39', '2018-11-28 15:37:39'),
(66, 19, 'eaque', 'Deleniti ipsum inventore qui at in molestias rem quae. Quia autem porro et non tempora a. Vitae dolores consequatur exercitationem et dolorem et. Minima quos nam esse et itaque vel.', 2, '2018-11-28 15:37:39', '2018-11-28 15:37:39'),
(67, 23, 'quia', 'Ex eaque dolor minima possimus provident et. Omnis tempora neque sit odio. Aut sunt ducimus aliquam sapiente. Aut corrupti quidem aliquam deserunt itaque.', 3, '2018-11-28 15:37:39', '2018-11-28 15:37:39'),
(68, 48, 'labore', 'Cupiditate quo eligendi fugiat totam ut. Officiis provident ea voluptatem consectetur et. Nulla nobis illum dolorum est ut.', 4, '2018-11-28 15:37:39', '2018-11-28 15:37:39'),
(69, 12, 'et', 'Ipsum ut magnam soluta optio dolor cumque consequuntur. Perspiciatis rerum alias quo aut et enim earum iure. Non error eveniet vel.', 5, '2018-11-28 15:37:40', '2018-11-28 15:37:40'),
(70, 23, 'veritatis', 'Dolor molestiae facilis quia impedit enim. Magnam nisi illum saepe cupiditate quia.', 1, '2018-11-28 15:37:40', '2018-11-28 15:37:40'),
(71, 22, 'enim', 'Voluptas labore eum commodi a voluptas doloremque. Ut ullam quia accusantium voluptate ut enim. Omnis assumenda quis in quae ex et reprehenderit.', 3, '2018-11-28 15:37:41', '2018-11-28 15:37:41'),
(72, 49, 'architecto', 'Qui voluptatem tempora unde non minima dolorem. Atque voluptatem ipsa eos ipsam nihil numquam. Ullam doloremque temporibus aliquam nihil fuga et.', 3, '2018-11-28 15:37:41', '2018-11-28 15:37:41'),
(73, 34, 'et', 'Dolor labore qui ipsam iure est nihil est. Explicabo doloribus deserunt voluptatem a ea quos. Consequatur ducimus quidem reiciendis quibusdam soluta illum nostrum.', 3, '2018-11-28 15:37:41', '2018-11-28 15:37:41'),
(74, 43, 'optio', 'Saepe magni dicta quis excepturi laudantium cum. Omnis quo facilis est occaecati. Voluptas temporibus facere architecto enim ab voluptatem. Et similique sit voluptas dolor minima nulla.', 5, '2018-11-28 15:37:42', '2018-11-28 15:37:42'),
(75, 46, 'sed', 'Voluptatem veniam quis sequi ratione saepe illo et. Quam aliquam perferendis facere officiis quia nostrum. Voluptates numquam quia nobis quis et vero.', 5, '2018-11-28 15:37:42', '2018-11-28 15:37:42'),
(76, 8, 'eaque', 'Nisi ipsum qui debitis consequatur beatae consectetur quia tempora. Non autem consectetur recusandae odio tenetur.', 4, '2018-11-28 15:37:43', '2018-11-28 15:37:43'),
(77, 12, 'ad', 'Enim quisquam dolore quis qui in. Est expedita aliquid rem magni voluptatem. Nostrum dolorem non voluptatem et possimus voluptatem corrupti porro.', 3, '2018-11-28 15:37:43', '2018-11-28 15:37:43'),
(78, 32, 'recusandae', 'Et dolorem ea maxime. Eveniet adipisci autem quis consequatur. Molestiae aut voluptas qui similique quia qui.', 1, '2018-11-28 15:37:43', '2018-11-28 15:37:43'),
(79, 18, 'in', 'Quia debitis perferendis est vero possimus nobis. Consectetur recusandae dolores optio incidunt amet molestiae. Velit autem fuga ipsam dolores. Officiis facere quaerat est corporis itaque est.', 2, '2018-11-28 15:37:43', '2018-11-28 15:37:43'),
(80, 8, 'neque', 'Nostrum vero distinctio maiores eos exercitationem. Iste adipisci ea et quo voluptatem et in. Voluptatem magni recusandae soluta labore.', 5, '2018-11-28 15:37:44', '2018-11-28 15:37:44'),
(81, 21, 'eum', 'Velit sunt praesentium vel facilis nihil asperiores. Illum voluptate fugit praesentium in reprehenderit. In rerum esse modi ex quia optio. Nemo recusandae iure earum animi molestias.', 4, '2018-11-28 15:37:44', '2018-11-28 15:37:44'),
(82, 32, 'recusandae', 'Tempora sint at enim natus tempore aut aut. Nihil voluptas id enim inventore impedit qui quam. Tempora voluptates neque aut deleniti. Consectetur dolores dolores sed vitae voluptatem.', 5, '2018-11-28 15:37:44', '2018-11-28 15:37:44'),
(83, 33, 'ex', 'Ad voluptatem facere libero inventore qui vel placeat voluptatibus. Omnis culpa ea dolor illo. Ut nulla laborum dignissimos facere modi ut iste.', 5, '2018-11-28 15:37:45', '2018-11-28 15:37:45'),
(84, 6, 'in', 'Est a laboriosam sunt ut neque. Explicabo quia et reprehenderit mollitia et. Molestias iusto nam eius et vero voluptas. Dolorum neque eaque vel aspernatur explicabo cum.', 3, '2018-11-28 15:37:45', '2018-11-28 15:37:45'),
(85, 29, 'qui', 'Dolorem officia dolor ab enim non. Aliquid sunt veritatis deleniti mollitia. Maxime quia nulla corrupti voluptatem commodi doloremque repellendus eligendi.', 1, '2018-11-28 15:37:45', '2018-11-28 15:37:45'),
(86, 6, 'distinctio', 'Quas ratione repudiandae molestiae dolore. Rem non fugit facilis natus accusamus non ab dolores. Quis iure reprehenderit molestias.', 4, '2018-11-28 15:37:45', '2018-11-28 15:37:45'),
(87, 18, 'et', 'Optio iste eaque libero eligendi atque minima incidunt. Laboriosam quis temporibus doloremque qui vero harum in ut. Quo impedit aut quaerat in sit natus laudantium. Expedita et doloribus tempora nemo. Tempore commodi sed amet.', 1, '2018-11-28 15:37:46', '2018-11-28 15:37:46'),
(88, 14, 'illum', 'Iure non in quo ea ullam deserunt. Animi ullam voluptate magni provident. Suscipit omnis doloremque sunt architecto iste.', 4, '2018-11-28 15:37:46', '2018-11-28 15:37:46'),
(89, 48, 'voluptatem', 'Repellendus ipsum distinctio rerum numquam sapiente. Vel nostrum corporis delectus ex voluptas voluptas aperiam molestiae. Quaerat velit consequatur dolores suscipit ullam. Fugiat et dignissimos odit voluptatum doloremque perferendis iure.', 2, '2018-11-28 15:37:46', '2018-11-28 15:37:46'),
(90, 6, 'et', 'Magni perspiciatis nemo nisi rerum repudiandae. Sed voluptas nihil maiores consequuntur consequatur. Neque qui atque et.', 1, '2018-11-28 15:37:46', '2018-11-28 15:37:46'),
(91, 9, 'saepe', 'Distinctio nam voluptate magnam dolore. Dignissimos aut mollitia praesentium ducimus provident. Rem ducimus laudantium et vero. Dolorem quibusdam laboriosam quam molestias ut.', 4, '2018-11-28 15:37:47', '2018-11-28 15:37:47'),
(92, 24, 'officiis', 'Ad ipsum temporibus molestiae ut eum dolores quod eius. Dignissimos consequatur iste pariatur aliquam et et. Fugit harum dolor rerum consequuntur incidunt et corrupti.', 2, '2018-11-28 15:37:47', '2018-11-28 15:37:47'),
(93, 41, 'alias', 'Accusamus quod nostrum labore saepe sed ipsum est. Beatae quam et quae nesciunt. Minima occaecati qui et quibusdam itaque. Eum dolor itaque repellendus voluptatibus laborum.', 4, '2018-11-28 15:37:47', '2018-11-28 15:37:47'),
(94, 48, 'et', 'Quis et quaerat repudiandae doloribus voluptatem magni. Molestiae consequatur nostrum fuga. In nesciunt consectetur qui iusto officiis sed. Optio autem et delectus culpa occaecati sed. Quam sapiente magnam illum aliquid voluptatem earum alias vel.', 5, '2018-11-28 15:37:47', '2018-11-28 15:37:47'),
(95, 11, 'accusantium', 'Qui quis quod corrupti rerum autem minus corporis. Ex eaque accusantium necessitatibus molestias quia necessitatibus.', 5, '2018-11-28 15:37:48', '2018-11-28 15:37:48'),
(96, 8, 'qui', 'Fuga accusantium sit occaecati quidem. Corrupti tempore sapiente voluptatum quaerat. Enim ut qui totam doloremque cumque aut aut.', 4, '2018-11-28 15:37:48', '2018-11-28 15:37:48'),
(97, 49, 'deserunt', 'Quia ratione animi illo totam quo modi. Quidem fugiat aperiam voluptatem enim at dolorum. Velit voluptatem enim error dicta maxime illo.', 1, '2018-11-28 15:37:48', '2018-11-28 15:37:48'),
(98, 44, 'possimus', 'Alias et occaecati iste rem illo voluptates. Voluptate est est amet sed deleniti doloribus. Consequuntur autem at impedit eos sunt consequatur. Recusandae quis repellat et est aut qui incidunt.', 5, '2018-11-28 15:37:49', '2018-11-28 15:37:49'),
(99, 16, 'sed', 'Dolor doloribus ab aut et. Optio consequuntur nihil est quo occaecati tenetur quaerat.', 4, '2018-11-28 15:37:49', '2018-11-28 15:37:49'),
(100, 4, 'temporibus', 'Eligendi minus magni ea dolor voluptatibus placeat harum. Et occaecati voluptatem voluptatum et recusandae nam. Recusandae sequi iusto corrupti ducimus itaque architecto.', 3, '2018-11-28 15:37:50', '2018-11-28 15:37:50'),
(101, 50, 'suscipit', 'Enim perferendis accusamus dicta placeat quo. Doloremque commodi nam voluptatem ab expedita vel. Rerum voluptas esse laudantium. Tempora repellendus perferendis ex. Doloribus ut minima non dolorum quo.', 1, '2018-11-28 15:37:50', '2018-11-28 15:37:50'),
(102, 15, 'enim', 'Omnis voluptatibus accusantium corporis et dolores accusamus. Aut fugit beatae qui id. Accusantium quas reprehenderit voluptate nesciunt.', 2, '2018-11-28 15:37:50', '2018-11-28 15:37:50'),
(103, 30, 'ut', 'Ipsa qui maiores mollitia totam. Ipsa placeat ut et dicta voluptatem voluptatem qui. Nobis eveniet eum sint error quia.', 2, '2018-11-28 15:37:51', '2018-11-28 15:37:51'),
(104, 11, 'aut', 'Voluptatem fugit possimus eos qui. Facere alias quia libero eaque blanditiis necessitatibus. A quo aspernatur suscipit occaecati explicabo. Sint autem et adipisci tempore iste non.', 5, '2018-11-28 15:37:51', '2018-11-28 15:37:51'),
(105, 9, 'consequatur', 'Eveniet nihil exercitationem dolorum animi quibusdam. Sint et aut recusandae vero est excepturi. Ut fugit ea aliquid asperiores sit qui. Est corporis esse vero libero.', 1, '2018-11-28 15:37:51', '2018-11-28 15:37:51'),
(106, 17, 'ut', 'Nostrum voluptatibus enim consequatur. Voluptatem voluptatem voluptatem minus aut est ad in illum. Sint corrupti rerum quod sed architecto deleniti.', 2, '2018-11-28 15:37:51', '2018-11-28 15:37:51'),
(107, 33, 'fugit', 'Eum quidem ea voluptatem nam aut rerum ea. Sunt facilis qui et quo consequuntur natus eligendi. Ducimus expedita et ullam iste aliquid dolorem dicta.', 4, '2018-11-28 15:37:52', '2018-11-28 15:37:52'),
(108, 26, 'veniam', 'Nesciunt id eum doloremque nulla libero voluptatem provident. Et dolorem veritatis nemo consequatur repellat. Cupiditate rerum esse rerum officiis perferendis. Dicta aut sit debitis qui voluptatem ut.', 2, '2018-11-28 15:37:52', '2018-11-28 15:37:52'),
(109, 45, 'quas', 'Voluptas aliquid enim ipsam et. Voluptatem iusto sed eos ut.', 3, '2018-11-28 15:37:52', '2018-11-28 15:37:52'),
(110, 18, 'est', 'Dolorem sed fuga ut officiis voluptas delectus soluta. Blanditiis doloribus similique pariatur repellat officia. Quam maxime nesciunt ratione optio dolorum doloribus eum voluptas. Doloribus temporibus vel sapiente voluptas corrupti sunt.', 3, '2018-11-28 15:37:52', '2018-11-28 15:37:52'),
(111, 13, 'adipisci', 'Est sit id tempora rerum eos reprehenderit. Accusantium deleniti molestiae eligendi labore sed dolor omnis sed. Vitae harum natus adipisci sed aliquam.', 5, '2018-11-28 15:37:53', '2018-11-28 15:37:53'),
(112, 20, 'non', 'Voluptatum totam ipsa eum nulla qui. Sunt cumque sunt doloremque praesentium ut sunt. Vel ut ullam cumque pariatur aperiam voluptatem totam aut. Enim voluptatem expedita consequuntur et ducimus voluptatibus natus provident.', 3, '2018-11-28 15:37:53', '2018-11-28 15:37:53'),
(113, 19, 'et', 'Ut deserunt et voluptas perspiciatis sed eius maxime. Culpa eveniet quos consequuntur tempore corporis natus. Qui et nihil molestias officia et.', 3, '2018-11-28 15:37:53', '2018-11-28 15:37:53'),
(114, 46, 'culpa', 'Blanditiis et cum incidunt ut sit sit. Error quis eligendi quam nobis tempora et.', 1, '2018-11-28 15:37:54', '2018-11-28 15:37:54'),
(115, 33, 'dolores', 'Molestiae totam accusantium fugit cupiditate omnis sit at. Optio natus magnam ullam quisquam omnis maxime sit commodi. Neque voluptate vel modi reiciendis accusamus. Quidem non non qui saepe facilis aut blanditiis. Cupiditate porro sapiente qui vero alias.', 4, '2018-11-28 15:37:54', '2018-11-28 15:37:54'),
(116, 19, 'debitis', 'Sequi eum tempora ut eum iusto rerum fugit. Repudiandae est ut a vitae perspiciatis quidem excepturi. Possimus vel at cupiditate veniam consequatur at aliquam quod.', 5, '2018-11-28 15:37:54', '2018-11-28 15:37:54'),
(117, 3, 'voluptates', 'Dolores omnis nihil voluptas. Saepe tenetur qui odio molestiae. Adipisci eius numquam aut vitae doloribus iusto saepe aut. Voluptatem voluptates est rerum eum quod.', 2, '2018-11-28 15:37:54', '2018-11-28 15:37:54'),
(118, 32, 'omnis', 'Voluptatem vero suscipit adipisci maiores molestiae aut. Fuga et sit sequi itaque sint. Iusto rerum et veritatis.', 1, '2018-11-28 15:37:55', '2018-11-28 15:37:55'),
(119, 49, 'est', 'Omnis perspiciatis quae placeat ipsa. Ut et aspernatur omnis inventore beatae error. Aut veniam et non quasi. Dolores inventore quia modi a omnis.', 4, '2018-11-28 15:37:55', '2018-11-28 15:37:55'),
(120, 35, 'commodi', 'Aut eum molestiae recusandae iusto magnam. Ex voluptatum rerum quam. Impedit iste vel et voluptate ut soluta.', 5, '2018-11-28 15:37:55', '2018-11-28 15:37:55'),
(121, 18, 'labore', 'Ipsa blanditiis fugiat sit vel suscipit omnis enim. Consequatur corporis praesentium et qui quia enim fugiat deleniti. Sunt id qui dignissimos autem maiores culpa labore. Molestiae nostrum numquam ut atque expedita sunt atque.', 4, '2018-11-28 15:37:56', '2018-11-28 15:37:56'),
(122, 17, 'ea', 'Aspernatur et qui ipsa. Repellat laborum nobis illum nesciunt temporibus deleniti totam. Omnis vel sunt in necessitatibus rem voluptatum quisquam.', 3, '2018-11-28 15:37:56', '2018-11-28 15:37:56'),
(123, 44, 'ad', 'Repellat blanditiis iure enim ut sint accusamus. Molestias atque fugiat eius dolorem aut aliquam sit. Dolor accusamus natus eos excepturi. Sunt mollitia dolor omnis rerum repellat molestiae voluptates rerum.', 2, '2018-11-28 15:37:56', '2018-11-28 15:37:56'),
(124, 8, 'et', 'Pariatur velit harum odit dicta. Quia nisi debitis cupiditate ut enim adipisci. Autem voluptatem libero ad assumenda.', 5, '2018-11-28 15:37:56', '2018-11-28 15:37:56'),
(125, 27, 'dolores', 'A consequuntur veritatis quia veritatis. Assumenda enim sed in cupiditate enim sed. Repellendus est reiciendis aperiam quia aspernatur cum.', 5, '2018-11-28 15:37:56', '2018-11-28 15:37:56'),
(126, 30, 'unde', 'Et voluptatem et odio voluptas. Et aut similique dignissimos reiciendis itaque alias occaecati. Eos atque vitae nulla dolorum fugit. Voluptatem quos voluptatem occaecati qui.', 5, '2018-11-28 15:37:57', '2018-11-28 15:37:57'),
(127, 7, 'repellendus', 'Fugit aut amet sed maxime. Eum ipsa explicabo dignissimos nobis aliquid et aut. Eos nulla adipisci atque accusantium natus omnis.', 4, '2018-11-28 15:37:57', '2018-11-28 15:37:57'),
(128, 3, 'iste', 'Non nisi non voluptas consequatur expedita. Et omnis deserunt sit reiciendis aut occaecati.', 4, '2018-11-28 15:37:57', '2018-11-28 15:37:57'),
(129, 22, 'iure', 'Dolores eveniet unde cum ipsa dolor. Incidunt deleniti rerum natus fuga in voluptate. Tempore et dignissimos veniam voluptatum odio vel assumenda.', 2, '2018-11-28 15:37:58', '2018-11-28 15:37:58'),
(130, 29, 'dolorum', 'Ipsum et et doloremque et eum soluta soluta. Qui eveniet culpa aspernatur quia ducimus sit quo. Aut corrupti ea libero deleniti odio.', 4, '2018-11-28 15:37:58', '2018-11-28 15:37:58'),
(131, 23, 'enim', 'Enim consequatur adipisci magni quaerat eaque voluptate dolores minima. Autem vitae mollitia eius molestiae distinctio. Possimus ratione est quis totam quasi quia quis culpa.', 3, '2018-11-28 15:37:58', '2018-11-28 15:37:58'),
(132, 37, 'totam', 'Natus cumque et consequatur. Accusamus possimus corporis officiis sint voluptate. Id excepturi molestiae qui deserunt unde.', 5, '2018-11-28 15:37:58', '2018-11-28 15:37:58'),
(133, 11, 'mollitia', 'Ut fugiat occaecati dolorem aperiam laborum. Neque ut placeat expedita qui officiis eligendi. Voluptatem earum modi aut est possimus.', 3, '2018-11-28 15:37:59', '2018-11-28 15:37:59'),
(134, 27, 'ut', 'In nisi fuga ad atque est omnis. Enim reiciendis velit officia sint minima consequatur voluptatem. Assumenda qui quis quis error rerum.', 2, '2018-11-28 15:37:59', '2018-11-28 15:37:59'),
(135, 33, 'qui', 'Nisi distinctio aliquam quis dolorem exercitationem beatae. Eos rem qui et asperiores ab distinctio. Ea placeat itaque illo eos ullam consectetur ut.', 5, '2018-11-28 15:37:59', '2018-11-28 15:37:59'),
(136, 14, 'at', 'Molestiae ea et iure minus eligendi accusamus atque. Impedit corrupti pariatur et est repellat. Officia excepturi porro et voluptas repudiandae non minima.', 5, '2018-11-28 15:37:59', '2018-11-28 15:37:59'),
(137, 26, 'odit', 'Et dolor sit ipsam sapiente. Vel veritatis totam odit est alias nobis atque. Animi et et officia aut velit voluptatem aut. Labore eligendi illum nisi labore et ut ex suscipit.', 1, '2018-11-28 15:38:00', '2018-11-28 15:38:00'),
(138, 32, 'vitae', 'Hic reprehenderit quis asperiores. Dignissimos voluptatem at vero sint nobis. Nisi eaque aut explicabo quis placeat ut. Officiis perspiciatis nulla beatae id facilis suscipit. Aut illo aut repellat corrupti vero soluta.', 4, '2018-11-28 15:38:00', '2018-11-28 15:38:00'),
(139, 50, 'nihil', 'Aut est voluptatem unde et harum aut. Voluptatum quo alias consequuntur iste tempore quaerat incidunt explicabo. Repellat laudantium hic non qui tempora reiciendis asperiores.', 5, '2018-11-28 15:38:01', '2018-11-28 15:38:01'),
(140, 23, 'voluptatem', 'Fuga et quam esse eum eos ad est. Nam nihil ut ab sunt. Distinctio molestiae ut earum modi.', 3, '2018-11-28 15:38:01', '2018-11-28 15:38:01'),
(141, 42, 'laudantium', 'Non sequi delectus beatae eum et impedit unde. Quae animi qui libero. Odio numquam beatae minima facere reprehenderit.', 3, '2018-11-28 15:38:01', '2018-11-28 15:38:01'),
(142, 42, 'voluptatem', 'Quia magni illum possimus aut. In ad occaecati quod voluptas ea error dolorem non. Fuga voluptatem sed quos dolor aperiam.', 2, '2018-11-28 15:38:02', '2018-11-28 15:38:02'),
(143, 22, 'ipsam', 'Qui recusandae maxime culpa rerum sed excepturi ullam. Ratione doloremque perspiciatis dolorem aut impedit et amet. Totam inventore eius deleniti totam error dolorem dolorem. Necessitatibus reprehenderit ipsa quam soluta iusto corporis sequi neque.', 5, '2018-11-28 15:38:02', '2018-11-28 15:38:02'),
(144, 41, 'sunt', 'Et voluptatem ut alias sit voluptatum nostrum. Sed et dignissimos est ea animi. Aliquid modi modi autem est porro tempore.', 1, '2018-11-28 15:38:02', '2018-11-28 15:38:02'),
(145, 33, 'est', 'Porro placeat eligendi debitis voluptatem. Dolorem neque itaque nesciunt quia. Rerum tenetur quo dignissimos vel molestiae ex.', 5, '2018-11-28 15:38:03', '2018-11-28 15:38:03'),
(146, 16, 'rerum', 'Voluptates ea ut animi fugit. Id beatae numquam voluptatibus ipsum. Omnis autem facere sed voluptatem et ut quia. Tenetur distinctio magni est.', 1, '2018-11-28 15:38:03', '2018-11-28 15:38:03'),
(147, 25, 'voluptas', 'Tenetur sunt porro nemo distinctio. Praesentium voluptas qui pariatur odio.', 3, '2018-11-28 15:38:03', '2018-11-28 15:38:03'),
(148, 20, 'unde', 'Et labore molestiae voluptates qui nesciunt. Nihil rem et nulla doloremque vel ut nisi.', 2, '2018-11-28 15:38:04', '2018-11-28 15:38:04'),
(149, 19, 'accusantium', 'Dolores ad exercitationem harum aut beatae omnis voluptas. Rem reprehenderit et quia aliquid voluptatum ab. Impedit porro sunt incidunt dolorum tempora odit sit.', 5, '2018-11-28 15:38:04', '2018-11-28 15:38:04'),
(150, 33, 'suscipit', 'Dolorem impedit neque aliquam est explicabo. Similique culpa incidunt eum est eos est eos ad. Voluptas neque odio voluptas dicta nesciunt optio et.', 3, '2018-11-28 15:38:04', '2018-11-28 15:38:04'),
(151, 48, 'qui', 'Ut necessitatibus quod aliquid ea quia. Aut nisi ut similique. Aut quo ut est exercitationem.', 5, '2018-11-28 15:38:04', '2018-11-28 15:38:04'),
(152, 29, 'amet', 'Repellat adipisci magni hic. Illo ea dolorem ut sunt. Sed consectetur reprehenderit velit magnam voluptatem. Veritatis laborum itaque at autem error sed.', 1, '2018-11-28 15:38:04', '2018-11-28 15:38:04'),
(153, 37, 'voluptas', 'Cum nostrum cum recusandae similique error aspernatur. Ratione est debitis in minima aspernatur. Ut et quis labore.', 5, '2018-11-28 15:38:05', '2018-11-28 15:38:05'),
(154, 5, 'aspernatur', 'Eius quis temporibus qui nihil. Sit odio occaecati non dolor sit explicabo voluptate ea. Est et quia qui et quos quo enim numquam.', 3, '2018-11-28 15:38:05', '2018-11-28 15:38:05'),
(155, 37, 'repudiandae', 'Nihil itaque corporis et beatae architecto aliquam perferendis. Quia impedit totam exercitationem harum voluptas amet. Sit perspiciatis consequatur perferendis dolorum.', 5, '2018-11-28 15:38:05', '2018-11-28 15:38:05'),
(156, 40, 'est', 'Nemo aut qui est odio dolores. Reprehenderit ab vel quo sed omnis. Iusto velit qui corrupti quibusdam suscipit voluptatum. Illo amet est itaque commodi quam.', 2, '2018-11-28 15:38:05', '2018-11-28 15:38:05'),
(157, 28, 'iusto', 'Qui nulla velit autem vel sunt deleniti. Tenetur facere iusto nobis et ut autem repellat. Itaque aperiam nihil dolor aut.', 5, '2018-11-28 15:38:06', '2018-11-28 15:38:06'),
(158, 9, 'vitae', 'Aut voluptatum ratione aut. Aut officiis maxime asperiores aliquid assumenda. Veniam animi autem illo qui.', 4, '2018-11-28 15:38:06', '2018-11-28 15:38:06'),
(159, 28, 'non', 'Sint eos ducimus eum. Animi eos adipisci temporibus quam magnam ducimus ea. Minima et sint ea sed tenetur in. Nobis inventore placeat illum odit.', 2, '2018-11-28 15:38:06', '2018-11-28 15:38:06'),
(160, 9, 'nemo', 'Porro nobis cum quas illo pariatur. Pariatur vero officiis quia inventore. Asperiores quo sapiente accusamus amet in debitis.', 5, '2018-11-28 15:38:06', '2018-11-28 15:38:06'),
(161, 23, 'est', 'Beatae molestiae dolorum est quisquam necessitatibus qui voluptatem. Nihil porro animi ratione tempore in officiis quis. Qui veniam saepe ducimus quia sit. Qui excepturi provident et ut omnis in.', 2, '2018-11-28 15:38:07', '2018-11-28 15:38:07'),
(162, 7, 'nesciunt', 'Perferendis omnis reprehenderit dignissimos. Aspernatur occaecati laudantium distinctio et. Et laborum dolore distinctio natus accusantium consequatur non. Aliquid earum aliquam molestiae eveniet non provident sint. Ut aliquid alias maiores quos sint id ut et.', 1, '2018-11-28 15:38:07', '2018-11-28 15:38:07'),
(163, 20, 'qui', 'Accusantium nesciunt eveniet omnis dolore. Ipsam commodi et a dolorem. Iusto ducimus enim natus recusandae.', 5, '2018-11-28 15:38:08', '2018-11-28 15:38:08'),
(164, 31, 'et', 'Eveniet voluptatem numquam sed. Sed laboriosam autem et adipisci. Ut molestiae quas rerum cumque culpa quae et.', 2, '2018-11-28 15:38:08', '2018-11-28 15:38:08'),
(165, 25, 'dolorum', 'Molestias dolores aut hic eligendi incidunt et. Animi vero fugiat officia. Enim error cum ut quisquam tempora tempora dolorem. Delectus repellendus impedit beatae iure minus enim quidem sed.', 1, '2018-11-28 15:38:08', '2018-11-28 15:38:08'),
(166, 48, 'mollitia', 'Asperiores corrupti sapiente repudiandae quam et molestiae. Et ipsa at adipisci quisquam minus earum nihil. Iure at sit corrupti reiciendis eaque illo.', 1, '2018-11-28 15:38:09', '2018-11-28 15:38:09'),
(167, 19, 'aspernatur', 'Eos occaecati ut ut quis qui tempora molestiae. Sit quaerat debitis velit error deserunt voluptatem.', 2, '2018-11-28 15:38:09', '2018-11-28 15:38:09'),
(168, 20, 'qui', 'Voluptatem autem vitae rem porro qui nisi explicabo exercitationem. Inventore dolores autem eum explicabo. Incidunt soluta eos aliquam sapiente est consequuntur. Ratione ea saepe culpa culpa est. Deleniti nobis eos voluptas in.', 3, '2018-11-28 15:38:09', '2018-11-28 15:38:09'),
(169, 50, 'qui', 'Corporis dolor qui quaerat earum. Suscipit ut aut voluptas in fugiat.', 2, '2018-11-28 15:38:09', '2018-11-28 15:38:09'),
(170, 45, 'quod', 'Cum porro repudiandae ducimus facilis omnis dolores. Molestias perspiciatis nihil in culpa non vero ipsum.', 1, '2018-11-28 15:38:10', '2018-11-28 15:38:10'),
(171, 28, 'sequi', 'Et sunt quis vel et molestiae. Aliquid impedit modi qui vel non quaerat incidunt explicabo. Aut hic dolorem ab rerum nam.', 1, '2018-11-28 15:38:10', '2018-11-28 15:38:10'),
(172, 28, 'quaerat', 'Voluptatem aut corrupti modi ducimus. Recusandae repellendus et dolorum fugiat sit. Consequatur quas quidem voluptatum error et praesentium voluptas. Reiciendis ut quia architecto a rerum ex quam voluptates.', 3, '2018-11-28 15:38:10', '2018-11-28 15:38:10'),
(173, 44, 'quia', 'Quisquam aperiam ipsum sunt reiciendis consequuntur neque illo. Doloremque et dignissimos et labore et necessitatibus. Rem enim sed et. Et distinctio ex ab neque vel recusandae sit.', 3, '2018-11-28 15:38:11', '2018-11-28 15:38:11'),
(174, 17, 'quae', 'Molestiae cupiditate eum neque ipsa est itaque. Omnis quo et odio sapiente nobis nemo.', 4, '2018-11-28 15:38:11', '2018-11-28 15:38:11'),
(175, 50, 'aspernatur', 'Exercitationem nisi aut odio quidem ad. Similique voluptatibus sit quis. Laborum veritatis quo modi cupiditate fugiat. Suscipit consequuntur optio et sapiente dicta.', 2, '2018-11-28 15:38:11', '2018-11-28 15:38:11'),
(176, 30, 'enim', 'Quam laudantium laudantium sit praesentium suscipit. Rerum voluptatem esse similique consequuntur consequuntur. Eius quae et odit molestiae.', 3, '2018-11-28 15:38:11', '2018-11-28 15:38:11'),
(177, 9, 'fugit', 'Doloribus rerum deserunt ut et explicabo et. Quia aliquid minus et qui. Sit doloremque similique in dolores repellat et. Quisquam eligendi voluptas nesciunt aspernatur reiciendis amet.', 5, '2018-11-28 15:38:12', '2018-11-28 15:38:12'),
(178, 17, 'delectus', 'Est natus omnis fuga itaque architecto. Atque ullam vel quisquam fugiat. Dolores nihil praesentium rerum illum perferendis.', 5, '2018-11-28 15:38:12', '2018-11-28 15:38:12'),
(179, 14, 'et', 'Quia perspiciatis laborum ut omnis necessitatibus et. Exercitationem fugiat eos officia deserunt. In officia a maxime alias neque. Doloremque vel molestiae sunt occaecati. Voluptates repudiandae voluptates molestiae dolorem molestiae odio id.', 2, '2018-11-28 15:38:12', '2018-11-28 15:38:12'),
(180, 20, 'molestiae', 'Voluptatem vel est ipsam amet et deleniti ea. Quis in velit ducimus odio quo. Autem dolorem et reiciendis. Officia fuga soluta suscipit accusamus enim et. Sint reiciendis voluptas voluptates adipisci et doloremque.', 4, '2018-11-28 15:38:12', '2018-11-28 15:38:12'),
(181, 12, 'itaque', 'Dolor aliquam cumque perspiciatis. Quaerat deserunt aut veniam accusantium. Aut nemo sapiente voluptatibus nihil tempore.', 2, '2018-11-28 15:38:13', '2018-11-28 15:38:13'),
(182, 31, 'maxime', 'Consequatur nemo atque et ad beatae nihil sunt. Aperiam et aut blanditiis voluptatum rem nostrum. Quaerat tenetur exercitationem quos similique neque quibusdam. Velit ut consectetur magnam velit.', 5, '2018-11-28 15:38:13', '2018-11-28 15:38:13'),
(183, 10, 'et', 'Praesentium optio in eius excepturi modi veritatis autem. Quis et aliquid et saepe esse facilis vel. In accusantium omnis tempora dolores aut qui. Unde ipsum reiciendis debitis voluptatem rerum.', 3, '2018-11-28 15:38:13', '2018-11-28 15:38:13'),
(184, 21, 'quasi', 'At sit non sequi iure dicta nam inventore. Mollitia quaerat voluptatem nemo. Et repellendus maxime et eligendi molestiae cupiditate. Optio commodi est unde dolor id aut recusandae.', 2, '2018-11-28 15:38:13', '2018-11-28 15:38:13'),
(185, 47, 'voluptates', 'Atque omnis sint repellat repudiandae non a. Sit reiciendis illum quam perspiciatis nulla. Et dolor velit quia magni. Consequatur ducimus est veniam nesciunt possimus.', 1, '2018-11-28 15:38:14', '2018-11-28 15:38:14'),
(186, 44, 'qui', 'Ut officiis sit totam tempore. Assumenda repellendus qui voluptatem quia. Expedita minima ea et praesentium laudantium quam. In consectetur ipsam iste fugit non quia.', 2, '2018-11-28 15:38:14', '2018-11-28 15:38:14'),
(187, 6, 'dolorum', 'Iste maxime est velit sunt enim. Ex et voluptatem doloremque. Natus sunt laudantium id et sit et omnis.', 3, '2018-11-28 15:38:14', '2018-11-28 15:38:14'),
(188, 38, 'id', 'Non magni distinctio ullam et aut ipsam ratione. Explicabo et in ducimus vero. Voluptatem et a ea non velit.', 5, '2018-11-28 15:38:15', '2018-11-28 15:38:15'),
(189, 15, 'rerum', 'Voluptatum voluptatem in aut culpa fugiat ut aliquid. Qui maiores nobis eaque culpa. Molestiae debitis vel quas cumque eius ad. Iusto itaque quaerat ullam eveniet dicta laudantium. Vel veritatis sint assumenda deserunt inventore velit nisi.', 2, '2018-11-28 15:38:15', '2018-11-28 15:38:15'),
(190, 42, 'saepe', 'Porro cumque cumque ab quae quia aut. Voluptatum ut aperiam inventore nemo voluptatem nesciunt. Nobis quia sit sint velit neque quo et ut.', 3, '2018-11-28 15:38:15', '2018-11-28 15:38:15'),
(191, 28, 'omnis', 'Et reprehenderit reprehenderit sint ratione. Sit dicta unde ut ut velit eos recusandae. Quisquam libero dolore optio dolorem ut expedita.', 5, '2018-11-28 15:38:16', '2018-11-28 15:38:16'),
(192, 20, 'asperiores', 'Dolores unde est optio itaque necessitatibus magnam. Exercitationem eius sint expedita est qui cum consequatur. Iusto eum sit veritatis natus eaque aspernatur.', 5, '2018-11-28 15:38:16', '2018-11-28 15:38:16'),
(193, 38, 'ab', 'Accusantium et nostrum in voluptas architecto cupiditate ut. Inventore natus doloremque minima ut. Fuga quo dicta cumque labore.', 3, '2018-11-28 15:38:16', '2018-11-28 15:38:16'),
(194, 28, 'sed', 'Ut est et voluptas alias ea rerum quis. Commodi dolores et ipsa laborum omnis omnis. Similique amet saepe est quia possimus et. Ad et iste ducimus sint doloremque a molestiae. Facilis in tempore a velit corrupti modi quia.', 3, '2018-11-28 15:38:17', '2018-11-28 15:38:17'),
(195, 19, 'fuga', 'Aut doloremque nemo odio molestiae voluptatem temporibus. Expedita qui pariatur et adipisci deleniti exercitationem.', 1, '2018-11-28 15:38:17', '2018-11-28 15:38:17'),
(196, 48, 'quas', 'Excepturi cum harum sint quidem occaecati. Quibusdam omnis impedit et ratione.', 2, '2018-11-28 15:38:17', '2018-11-28 15:38:17'),
(197, 39, 'qui', 'Aut eveniet necessitatibus ab nihil quia. Aut voluptas voluptas ut nihil et quia fugiat. Voluptatem dignissimos totam qui ducimus dolorem.', 5, '2018-11-28 15:38:17', '2018-11-28 15:38:17'),
(198, 11, 'aut', 'Omnis quaerat repellendus quos laborum ut eveniet libero. Eos architecto optio nobis odio dolorem autem et. Laborum et voluptatibus et delectus fugit provident est.', 4, '2018-11-28 15:38:18', '2018-11-28 15:38:18'),
(199, 5, 'molestias', 'Molestias eum nostrum autem voluptatum aspernatur. Consequatur porro odit ex aut dolor. Repudiandae dignissimos exercitationem et fugiat libero voluptatibus numquam.', 1, '2018-11-28 15:38:18', '2018-11-28 15:38:18'),
(200, 27, 'aspernatur', 'Illum provident sint laborum sapiente molestiae. Quidem error eaque ut cum. Ut ratione odit ad quae velit. Veniam molestiae omnis officia praesentium.', 3, '2018-11-28 15:38:18', '2018-11-28 15:38:18'),
(201, 13, 'iure', 'Et molestias ea minima non. Similique similique sit et ea commodi. Libero deleniti non asperiores fugiat et recusandae quia.', 1, '2018-11-28 15:38:19', '2018-11-28 15:38:19'),
(202, 42, 'necessitatibus', 'Quia voluptas temporibus dignissimos et atque quas. Sint porro voluptatibus aliquid qui. At ut molestias recusandae itaque voluptates.', 1, '2018-11-28 15:38:19', '2018-11-28 15:38:19'),
(203, 15, 'possimus', 'Ut accusantium quas aut facere esse voluptas. Velit neque porro itaque. Voluptatem ab officia nostrum. Aut esse quo fuga.', 4, '2018-11-28 15:38:19', '2018-11-28 15:38:19'),
(204, 5, 'sit', 'Voluptates qui ratione dolor odio maxime dolorem dolor aut. Quas aut assumenda officia. Provident soluta similique omnis architecto dolor. Placeat explicabo possimus est.', 1, '2018-11-28 15:38:20', '2018-11-28 15:38:20'),
(205, 21, 'tempore', 'Voluptatem et nihil quo omnis quos. Qui qui illum beatae.', 4, '2018-11-28 15:38:20', '2018-11-28 15:38:20'),
(206, 21, 'consequatur', 'Qui cumque et itaque et ea. Est sunt non nihil quis iste. Modi et quisquam totam est quo vitae. Porro enim dignissimos aspernatur vel sunt occaecati.', 1, '2018-11-28 15:38:20', '2018-11-28 15:38:20'),
(207, 50, 'fugiat', 'Voluptas et possimus aliquam fugit ut libero id ea. Incidunt veniam praesentium similique fugiat doloremque tenetur. Eligendi voluptas illum sed.', 4, '2018-11-28 15:38:20', '2018-11-28 15:38:20'),
(208, 19, 'doloribus', 'Eveniet dolore numquam est corporis harum. Dicta velit dolorem sed officia ab provident. Est iure consectetur aliquid occaecati. Pariatur dolorem dolores assumenda sequi debitis totam architecto.', 3, '2018-11-28 15:38:20', '2018-11-28 15:38:20'),
(209, 50, 'dolorum', 'Incidunt ut et illum rerum distinctio qui molestias. Et aut et sunt esse et similique libero unde. Molestiae qui atque soluta rerum. Deleniti tempore et quos voluptas.', 2, '2018-11-28 15:38:21', '2018-11-28 15:38:21'),
(210, 27, 'dolores', 'Et dolore quasi deleniti distinctio eum ipsam debitis. Quo consequuntur molestias vel architecto quia accusantium voluptas. Velit et non tempore est veniam repellat.', 2, '2018-11-28 15:38:21', '2018-11-28 15:38:21'),
(211, 19, 'doloribus', 'Illo illo ut velit sit suscipit eos quam. Ea sequi non nesciunt. Dolorem accusamus similique omnis.', 2, '2018-11-28 15:38:21', '2018-11-28 15:38:21'),
(212, 31, 'aperiam', 'Tempora aperiam accusamus consequatur. Perferendis quis nisi ratione in ut aperiam non. Dolor vel quo et soluta quaerat similique.', 5, '2018-11-28 15:38:21', '2018-11-28 15:38:21'),
(213, 16, 'aut', 'Et dolor quis voluptatem voluptates. Id dolores voluptatem odio ad voluptatem. Corrupti cum quis et culpa. Pariatur aut aut qui ut officiis quaerat.', 2, '2018-11-28 15:38:22', '2018-11-28 15:38:22'),
(214, 29, 'et', 'Est perspiciatis in aut molestiae velit. Odio dolorum ipsum veritatis consequatur. Eveniet error optio porro molestiae natus dolor. Quidem quae cumque cum iste dolor nesciunt. Ea dicta consequatur omnis est nihil occaecati.', 2, '2018-11-28 15:38:22', '2018-11-28 15:38:22'),
(215, 45, 'culpa', 'Consequuntur numquam mollitia fugit cumque harum dolor est nobis. Eum aspernatur nihil cumque voluptatum mollitia molestiae qui. Quod amet ut facere sequi. In enim est voluptatem officiis beatae.', 1, '2018-11-28 15:38:23', '2018-11-28 15:38:23'),
(216, 11, 'ea', 'Sint eius corrupti voluptatem beatae enim quam est ipsam. Autem dolorum soluta laboriosam et et vel nihil. Error quis natus ipsa quos quod animi ad tenetur. Nesciunt aperiam corrupti aut quo blanditiis tempore qui sint.', 4, '2018-11-28 15:38:23', '2018-11-28 15:38:23'),
(217, 43, 'recusandae', 'Enim ipsa consequatur cum voluptates odit fugiat. Sunt qui et autem quod. Sunt debitis quas soluta.', 4, '2018-11-28 15:38:23', '2018-11-28 15:38:23'),
(218, 27, 'est', 'Eius iste ut et esse ab aliquid. Libero asperiores nihil repellendus quae officia repellat. Est sint minus ut qui. Itaque tenetur quo recusandae voluptatem magnam.', 3, '2018-11-28 15:38:24', '2018-11-28 15:38:24'),
(219, 29, 'magnam', 'Autem a quisquam vitae ipsa dolore libero voluptas. Ea odit nemo expedita. Sed et in sint labore hic autem. In et vel neque soluta qui nostrum. Quas et quaerat illum est architecto consectetur qui.', 1, '2018-11-28 15:38:24', '2018-11-28 15:38:24'),
(220, 45, 'soluta', 'Optio et vel qui dolores cupiditate delectus id. Eum enim facere et laudantium. Dolore natus numquam eum qui eos libero labore molestiae.', 2, '2018-11-28 15:38:25', '2018-11-28 15:38:25'),
(221, 5, 'culpa', 'Laboriosam adipisci necessitatibus inventore consequuntur ut ut dolor qui. Deleniti quia accusamus veritatis consequuntur nihil tempore aut officiis. Eum nihil sit sunt possimus ut. Culpa aliquid ratione natus est voluptates.', 5, '2018-11-28 15:38:25', '2018-11-28 15:38:25');
INSERT INTO `reviews` (`id`, `product_id`, `customer`, `review`, `star`, `created_at`, `updated_at`) VALUES
(222, 22, 'architecto', 'Voluptatem enim consequuntur nulla ea. Neque quia accusantium sint molestias ipsum et. Eos molestiae harum aut ea tenetur voluptas.', 2, '2018-11-28 15:38:25', '2018-11-28 15:38:25'),
(223, 34, 'explicabo', 'Aliquid et neque qui fuga quisquam commodi ex. Est et expedita sint est debitis accusantium. Perspiciatis cum in eum eligendi laudantium saepe.', 1, '2018-11-28 15:38:25', '2018-11-28 15:38:25'),
(224, 42, 'ipsa', 'Veritatis qui vitae sed dolor enim voluptatem. Nulla saepe fugit magnam harum quaerat quia. Molestiae facere et aliquam repellat dolorem quo excepturi architecto. Rerum provident quia nulla.', 3, '2018-11-28 15:38:26', '2018-11-28 15:38:26'),
(225, 17, 'ut', 'Corrupti animi distinctio maiores placeat et fugiat. Officia laborum culpa quidem ea.', 1, '2018-11-28 15:38:26', '2018-11-28 15:38:26'),
(226, 44, 'et', 'Molestiae rerum quis ut rerum. Sit et nulla eum nesciunt consequuntur et sit. Voluptatem et quaerat eaque in et neque suscipit. Voluptatibus laudantium nihil qui ipsam.', 5, '2018-11-28 15:38:26', '2018-11-28 15:38:26'),
(227, 31, 'commodi', 'Nisi rerum explicabo quia rem laudantium. Doloribus eum maxime accusantium. Quaerat nam ratione fugit reiciendis quia.', 2, '2018-11-28 15:38:26', '2018-11-28 15:38:26'),
(228, 40, 'at', 'Doloribus veniam ad dolores non ut voluptas voluptatibus et. Autem et sit vitae aut earum sed. Ut sit et repudiandae facilis. Quia repudiandae est omnis quae libero ducimus tempora.', 5, '2018-11-28 15:38:27', '2018-11-28 15:38:27'),
(229, 31, 'voluptatibus', 'Tempore sed voluptatibus culpa facilis molestiae. Hic exercitationem voluptates aut sequi. Aut modi numquam explicabo id harum.', 5, '2018-11-28 15:38:27', '2018-11-28 15:38:27'),
(230, 34, 'est', 'Provident similique cupiditate et necessitatibus. Nostrum beatae repellendus qui beatae dicta explicabo. Esse eius temporibus et expedita aut officiis non. Ipsa architecto ea quam.', 2, '2018-11-28 15:38:27', '2018-11-28 15:38:27'),
(231, 31, 'consectetur', 'Explicabo debitis quia sequi est. Nemo ducimus aut aut dolore beatae. In inventore ut ea quis officiis velit esse cupiditate.', 2, '2018-11-28 15:38:27', '2018-11-28 15:38:27'),
(232, 3, 'deserunt', 'Et deleniti id exercitationem dolor aut nihil itaque laborum. Magni non aliquam qui est sed labore. Aut ut et natus eius officiis. Aut non ut aut sit repudiandae.', 3, '2018-11-28 15:38:28', '2018-11-28 15:38:28'),
(233, 29, 'dolorem', 'Necessitatibus molestiae quia aut rerum. Alias ut veniam ullam nulla est et.', 5, '2018-11-28 15:38:28', '2018-11-28 15:38:28'),
(234, 36, 'et', 'Nemo voluptas modi explicabo reiciendis. Quia optio velit unde molestiae laboriosam rerum.', 5, '2018-11-28 15:38:28', '2018-11-28 15:38:28'),
(235, 15, 'nulla', 'Consectetur minus ex iusto quis error. Et aliquam voluptates cumque aut reprehenderit soluta aut.', 1, '2018-11-28 15:38:28', '2018-11-28 15:38:28'),
(236, 21, 'consequuntur', 'At voluptate exercitationem officiis sed in facilis et dicta. Cum pariatur quis cumque. Vero praesentium qui cumque et. Ipsam aut porro aut ducimus voluptatem. Omnis debitis ducimus incidunt sint.', 5, '2018-11-28 15:38:29', '2018-11-28 15:38:29'),
(237, 9, 'soluta', 'Alias inventore quis amet quia explicabo eos aut voluptates. Dolore sed ullam aut rerum cupiditate. Alias totam animi explicabo minus.', 3, '2018-11-28 15:38:29', '2018-11-28 15:38:29'),
(238, 21, 'eaque', 'Quas voluptatem est omnis eveniet eos provident. Laudantium sed nihil consequatur nemo asperiores adipisci reprehenderit. Provident voluptas at id voluptatem.', 4, '2018-11-28 15:38:30', '2018-11-28 15:38:30'),
(239, 38, 'aspernatur', 'Velit aut maxime dolore aperiam quia aut. Perferendis unde libero ut fugit voluptatem quia aliquid et. Et delectus voluptatibus praesentium totam et laborum. Omnis molestias quae aut voluptatibus et rerum dolores deleniti.', 5, '2018-11-28 15:38:30', '2018-11-28 15:38:30'),
(240, 43, 'aut', 'Accusamus quibusdam animi natus voluptas dolores iusto. Saepe minima nihil sit officia. Officiis dolore hic possimus ducimus deserunt iusto nisi.', 3, '2018-11-28 15:38:30', '2018-11-28 15:38:30'),
(241, 47, 'eos', 'Quia molestiae tempore quia ratione. Doloribus sit eos quia quasi iusto dolore modi. Minima consequuntur non laboriosam. Ullam doloribus facere nam voluptatem libero quos.', 3, '2018-11-28 15:38:30', '2018-11-28 15:38:30'),
(242, 30, 'dolorem', 'Fuga repellendus nam sint asperiores voluptatem corrupti est. Tempore consequuntur molestiae sint ducimus. Vitae corrupti a quis quisquam dolorem maiores. Rerum doloribus nihil mollitia totam ut consectetur. Corporis commodi voluptatem dolor praesentium quod sequi eveniet.', 3, '2018-11-28 15:38:31', '2018-11-28 15:38:31'),
(243, 33, 'ut', 'Iste quo quia assumenda sit qui voluptatibus qui. Illum hic modi nesciunt sit repudiandae. Vel enim quibusdam expedita voluptas neque accusantium non a. Natus molestiae autem perferendis quae.', 5, '2018-11-28 15:38:31', '2018-11-28 15:38:31'),
(244, 34, 'quo', 'Est ut ea nihil cum veniam inventore totam. Quibusdam quisquam sit velit. Tenetur aliquam reprehenderit et similique totam aut. Tempora officiis accusamus quo qui sit.', 1, '2018-11-28 15:38:31', '2018-11-28 15:38:31'),
(245, 18, 'sed', 'Autem neque expedita tempora ea alias necessitatibus. Est asperiores vel eum quod ut qui architecto.', 3, '2018-11-28 15:38:32', '2018-11-28 15:38:32'),
(246, 10, 'temporibus', 'Tenetur et ut quaerat. Quod nesciunt non et corrupti architecto dolores.', 4, '2018-11-28 15:38:32', '2018-11-28 15:38:32'),
(247, 3, 'aliquid', 'Iure eos accusamus sapiente est dolores est ipsam. Numquam aut quas nisi. Facilis et deleniti enim magni. Molestiae et consequuntur officiis dignissimos similique.', 3, '2018-11-28 15:38:32', '2018-11-28 15:38:32'),
(248, 27, 'molestias', 'Et cupiditate quas deserunt cumque neque ut ut. Architecto nihil harum ipsum sit doloribus. Aut amet sed et quis. Est quia qui consequatur ex.', 4, '2018-11-28 15:38:32', '2018-11-28 15:38:32'),
(249, 5, 'fugit', 'Maxime dolores illum ipsum quia eos. Dolorem et molestiae sit nam voluptates quis alias ipsum. Odio sint voluptatem vitae distinctio corrupti quibusdam. Odio sapiente eos quidem enim est voluptas quas.', 3, '2018-11-28 15:38:33', '2018-11-28 15:38:33'),
(250, 33, 'temporibus', 'Optio eos sit magni iure quam. Cumque ex ab labore totam. Facilis quia deserunt consequatur amet laudantium atque dolore. Quia nesciunt est ut quibusdam. Quas aut vel neque animi eveniet veniam dolores.', 2, '2018-11-28 15:38:33', '2018-11-28 15:38:33'),
(251, 36, 'sit', 'Voluptas velit quo suscipit et et exercitationem. Ducimus necessitatibus nulla quo mollitia. Eveniet consequuntur exercitationem eos reiciendis vel. Quis rerum rem consectetur adipisci nostrum est dolor.', 4, '2018-11-28 15:38:33', '2018-11-28 15:38:33'),
(252, 42, 'omnis', 'Suscipit aut cumque consectetur quam. Debitis et dolore distinctio eum. Alias et deserunt maxime cum et distinctio. Est voluptatum mollitia sunt sed.', 4, '2018-11-28 15:38:33', '2018-11-28 15:38:33'),
(253, 7, 'in', 'Distinctio iure tempore eum est quia. Modi in iure culpa voluptas amet quidem nulla quis. Id quos odio eum dolor autem.', 3, '2018-11-28 15:38:34', '2018-11-28 15:38:34'),
(254, 26, 'consectetur', 'Aut ut maiores impedit rerum minus amet. Delectus ut numquam dolorum iste dolorum laborum qui. Consequatur alias fugit quod iusto ratione placeat.', 4, '2018-11-28 15:38:34', '2018-11-28 15:38:34'),
(255, 28, 'numquam', 'Corrupti veritatis non enim quibusdam voluptatem debitis. Quam veniam a tempore eligendi numquam id ut. Et optio dignissimos saepe maxime vel cupiditate qui voluptates. Facilis ipsam ea occaecati fugiat rem molestiae facere.', 4, '2018-11-28 15:38:34', '2018-11-28 15:38:34'),
(256, 23, 'dolor', 'Error est ipsum aut quas doloremque. Dolorem officiis nesciunt odio omnis est. Ea sit cupiditate qui voluptas.', 5, '2018-11-28 15:38:34', '2018-11-28 15:38:34'),
(257, 30, 'quibusdam', 'Ex enim ab asperiores minima possimus rerum quo. Expedita tempora quasi et dolores. Minima quis ut vitae aut et ab. Ratione illum consequuntur quia repellat nesciunt eius.', 3, '2018-11-28 15:38:35', '2018-11-28 15:38:35'),
(258, 40, 'odio', 'Dicta consectetur dolorem ad. Sint tenetur sed et consequatur tempore et.', 2, '2018-11-28 15:38:35', '2018-11-28 15:38:35'),
(259, 14, 'ea', 'Eveniet praesentium velit aut illum rerum et. Aperiam nemo earum adipisci est aspernatur qui. Aliquam hic exercitationem aut ut numquam hic ullam sunt. Qui non dolore sit esse itaque suscipit.', 1, '2018-11-28 15:38:35', '2018-11-28 15:38:35'),
(260, 16, 'corrupti', 'Consequuntur molestias sunt sed veniam ad illum temporibus. Ut sequi rerum ex numquam repellat illum pariatur. Laborum rerum aperiam voluptate quo non quidem sint qui.', 4, '2018-11-28 15:38:35', '2018-11-28 15:38:35'),
(261, 11, 'id', 'Eos saepe ut laudantium assumenda rerum maxime asperiores. Atque laborum labore recusandae tempora temporibus qui aperiam. Ab maiores nihil consequuntur alias.', 1, '2018-11-28 15:38:36', '2018-11-28 15:38:36'),
(262, 21, 'ratione', 'Quis assumenda aut laborum voluptatum molestiae quo. Voluptatem officiis voluptates enim inventore porro dicta. Beatae occaecati aut quaerat accusamus.', 4, '2018-11-28 15:38:36', '2018-11-28 15:38:36'),
(263, 38, 'aut', 'Impedit possimus provident vero quod. Iste deleniti consequatur magnam beatae. Odio qui voluptatum commodi omnis et ad impedit. Reprehenderit facilis omnis cum.', 2, '2018-11-28 15:38:36', '2018-11-28 15:38:36'),
(264, 35, 'suscipit', 'Praesentium iure beatae temporibus dolorem sed totam sed. Ipsum ad qui vitae dignissimos. Aut repudiandae quasi ex minima repellat eveniet aliquam. Nostrum maxime numquam libero veniam neque quis. Ullam provident est maiores omnis.', 3, '2018-11-28 15:38:36', '2018-11-28 15:38:36'),
(265, 38, 'ipsum', 'Rerum repudiandae non laudantium maiores et a et. Est consequatur enim ab. Enim aut dolorum quis odio aut voluptatem.', 2, '2018-11-28 15:38:36', '2018-11-28 15:38:36'),
(266, 30, 'voluptatem', 'Nulla iste impedit aperiam qui nihil odit. Ea quae reprehenderit explicabo reprehenderit sed. Consequuntur qui est velit quia.', 3, '2018-11-28 15:38:37', '2018-11-28 15:38:37'),
(267, 35, 'dignissimos', 'Doloribus illum magnam quam qui occaecati vero. Quia temporibus consequuntur aut maxime. Quae repellendus at odit dignissimos perferendis.', 4, '2018-11-28 15:38:37', '2018-11-28 15:38:37'),
(268, 8, 'at', 'Delectus aut reiciendis soluta sed aut modi aut rerum. Tempore explicabo corporis ut dolor magni. Culpa distinctio dolores magnam similique porro mollitia provident.', 5, '2018-11-28 15:38:37', '2018-11-28 15:38:37'),
(269, 30, 'molestiae', 'Distinctio deleniti ea omnis aliquam sit ipsum nemo. Blanditiis facere porro sit libero delectus ab corporis et. Iusto illum totam ex est ut consequatur consequatur. Quo nam quia qui voluptatibus.', 1, '2018-11-28 15:38:37', '2018-11-28 15:38:37'),
(270, 45, 'inventore', 'Soluta et dolor a at et enim. Dolorum magnam porro consequatur expedita quod id ipsum. Qui ratione iste autem qui autem optio. Neque quibusdam molestiae sunt.', 1, '2018-11-28 15:38:38', '2018-11-28 15:38:38'),
(271, 26, 'tempore', 'Asperiores eligendi nam asperiores maiores. Et aperiam magni id et id nam similique. Fugit ipsam qui amet eos qui qui. Expedita omnis ea cupiditate debitis.', 5, '2018-11-28 15:38:38', '2018-11-28 15:38:38'),
(272, 21, 'distinctio', 'Doloremque cum reiciendis et eum quis. Voluptates sed veniam eius reprehenderit.', 1, '2018-11-28 15:38:38', '2018-11-28 15:38:38'),
(273, 15, 'iure', 'Fugiat rerum aut et a nobis. Excepturi dolor nostrum sunt. Harum distinctio harum ullam temporibus voluptatibus voluptas qui saepe.', 2, '2018-11-28 15:38:38', '2018-11-28 15:38:38'),
(274, 42, 'dolor', 'Velit voluptatem autem sed labore. Et reiciendis voluptatem corrupti. Inventore ratione sed et officia saepe. Rerum voluptas qui sed distinctio maiores qui ea.', 5, '2018-11-28 15:38:39', '2018-11-28 15:38:39'),
(275, 6, 'ea', 'Voluptas laboriosam consectetur aliquam nam velit illum. Dolor necessitatibus laudantium necessitatibus eveniet dolores expedita unde. Eaque cum rerum quo architecto occaecati alias impedit. Eum aut molestiae libero.', 5, '2018-11-28 15:38:39', '2018-11-28 15:38:39'),
(276, 38, 'aspernatur', 'Provident iusto dolorem dolore sequi qui esse. Alias ut sunt possimus voluptates rerum. Porro rerum modi adipisci fuga dolorum perferendis.', 1, '2018-11-28 15:38:39', '2018-11-28 15:38:39'),
(277, 19, 'et', 'Eos corporis et recusandae. Quia voluptas error tenetur similique iusto aut est. Ex repellat et quia voluptate est. Quis consequuntur ipsum ex debitis aut impedit velit.', 3, '2018-11-28 15:38:39', '2018-11-28 15:38:39'),
(278, 24, 'aperiam', 'Dicta et dicta et. Eaque suscipit optio minus consequuntur consequatur. Et hic vel adipisci dolores debitis. Error repellat neque pariatur odit.', 2, '2018-11-28 15:38:40', '2018-11-28 15:38:40'),
(279, 31, 'asperiores', 'Voluptatibus sequi eum itaque amet. Saepe esse enim eveniet ex. Ipsa sed sed quia numquam.', 3, '2018-11-28 15:38:41', '2018-11-28 15:38:41'),
(280, 35, 'dolor', 'Nulla doloribus eos ipsum enim. Repellat eaque perferendis voluptates recusandae tempore repellendus. Quam est facilis velit recusandae. Dolor sint voluptatem nesciunt dolor autem explicabo qui doloribus.', 3, '2018-11-28 15:38:41', '2018-11-28 15:38:41'),
(281, 32, 'non', 'Praesentium consequatur vitae similique odio sit corporis. Est id soluta quia temporibus porro fuga enim. Aspernatur neque aut voluptas excepturi distinctio et quas quia. Eligendi rerum illo eveniet.', 4, '2018-11-28 15:38:41', '2018-11-28 15:38:41'),
(282, 12, 'ea', 'Amet repellat nisi nulla aliquid. Et facere eos magni sit accusamus dolore. Non officia et non et.', 4, '2018-11-28 15:38:42', '2018-11-28 15:38:42'),
(283, 40, 'iusto', 'Labore sed et ut sunt. Laudantium ex reprehenderit facilis ratione facilis. Consequatur at eum et sit magni ea. Nisi ea eum error provident hic accusamus veritatis.', 2, '2018-11-28 15:38:42', '2018-11-28 15:38:42'),
(284, 18, 'et', 'Repellendus voluptatum quidem nisi inventore enim distinctio aut. Omnis saepe corporis consequuntur repudiandae autem. Ad suscipit vero qui recusandae deleniti neque rerum. Quo sit consequatur pariatur vero dolorem doloremque dolorum.', 1, '2018-11-28 15:38:42', '2018-11-28 15:38:42'),
(285, 6, 'voluptatem', 'Qui eos ut porro tempore cumque numquam libero. Nihil dolorem at accusantium inventore laudantium amet. Velit perspiciatis qui officia rerum minima ut aut.', 1, '2018-11-28 15:38:42', '2018-11-28 15:38:42'),
(286, 16, 'amet', 'Aut necessitatibus et repellat eos quis voluptatem. Dolorem magni consequuntur sint aut quisquam non. Ut quis sed sed corrupti aspernatur voluptas ea.', 3, '2018-11-28 15:38:43', '2018-11-28 15:38:43'),
(287, 24, 'iste', 'Mollitia similique et alias rerum. Atque perspiciatis deserunt recusandae reiciendis. Et ea laudantium recusandae unde quam in non. Recusandae non velit incidunt ratione.', 2, '2018-11-28 15:38:43', '2018-11-28 15:38:43'),
(288, 22, 'maxime', 'Similique quia saepe facere sint incidunt ut sunt. Non dolores vero cumque. Dolores quibusdam illo illo natus. Voluptatem consectetur ex omnis cupiditate facilis nihil doloribus.', 5, '2018-11-28 15:38:43', '2018-11-28 15:38:43'),
(289, 4, 'molestias', 'Nihil accusamus voluptatem deleniti facilis. Molestias voluptate est dicta pariatur. Optio est sequi ipsa placeat commodi incidunt eos. Velit voluptatem sit ut rem.', 4, '2018-11-28 15:38:43', '2018-11-28 15:38:43'),
(290, 18, 'dolores', 'Nihil qui et et sed repellat est quo. Quia aut eos sed voluptatem qui vitae ipsum. Nam accusantium quaerat vel id porro quia. Ut accusamus sunt voluptatem perspiciatis repellat.', 5, '2018-11-28 15:38:44', '2018-11-28 15:38:44'),
(291, 19, 'minus', 'Qui eligendi nihil iure quod ab voluptatem. Eligendi quam perspiciatis cum minus. Dignissimos veniam aut et perferendis vel facilis soluta officiis. Eos iste numquam et quam pariatur. Error veniam aspernatur distinctio exercitationem.', 1, '2018-11-28 15:38:44', '2018-11-28 15:38:44'),
(292, 42, 'exercitationem', 'Odio eveniet qui consequatur veniam vel facilis cum repudiandae. Exercitationem vel voluptatem saepe. Debitis aperiam voluptatibus omnis molestiae. Voluptas sed voluptas non consectetur maxime qui.', 3, '2018-11-28 15:38:44', '2018-11-28 15:38:44'),
(293, 29, 'molestiae', 'Voluptatem sed praesentium aliquam. Sunt consequatur labore possimus sapiente sed placeat odio. Similique quam est sunt in debitis.', 3, '2018-11-28 15:38:45', '2018-11-28 15:38:45'),
(294, 44, 'molestias', 'Facilis rerum et doloremque quisquam qui et expedita. Aperiam autem quo ut qui dolores et dicta. Quia suscipit laudantium rerum ullam voluptate. Accusantium velit corrupti laudantium ullam corrupti qui.', 5, '2018-11-28 15:38:45', '2018-11-28 15:38:45'),
(295, 24, 'ut', 'Explicabo molestiae quis saepe eum autem. Fugit dicta ut optio exercitationem voluptatem. Est quod nemo sunt voluptas alias sed mollitia. Est molestiae delectus doloremque et similique voluptate ullam qui.', 3, '2018-11-28 15:38:45', '2018-11-28 15:38:45'),
(296, 37, 'quos', 'Expedita quos blanditiis aut quia et odio sunt. Molestiae quod nulla maiores cumque. Amet velit nemo eum est sunt. Maxime fugiat dolor ea iste accusantium nulla.', 2, '2018-11-28 15:38:46', '2018-11-28 15:38:46'),
(297, 35, 'odio', 'Quis vel eveniet blanditiis vel ut dolor amet. Rerum ratione nostrum quia repudiandae nulla explicabo.', 1, '2018-11-28 15:38:46', '2018-11-28 15:38:46'),
(298, 27, 'autem', 'Dolor sapiente libero consequuntur ea aperiam et. Est deserunt non consequatur at. Odit fugit ab animi dolor est. Neque quidem eum voluptatibus cumque et eos dolores.', 2, '2018-11-28 15:38:46', '2018-11-28 15:38:46'),
(299, 21, 'quis', 'Molestiae facilis impedit in rerum consequatur rerum. Rerum et quas est voluptas ratione sunt quidem ut. Non quia ad qui qui adipisci quae aut facilis. Nostrum vero eaque aut. Molestias tempora eum adipisci esse non.', 3, '2018-11-28 15:38:46', '2018-11-28 15:38:46'),
(300, 42, 'corporis', 'Eaque qui omnis commodi sequi quos ducimus. Molestiae architecto officia id omnis ea qui aut. Maiores ut voluptas eveniet sit.', 2, '2018-11-28 15:38:47', '2018-11-28 15:38:47');

-- --------------------------------------------------------

--
-- Table structure for table `users`
--

CREATE TABLE `users` (
  `id` int(10) UNSIGNED NOT NULL,
  `name` varchar(255) COLLATE utf8_unicode_ci NOT NULL,
  `email` varchar(255) COLLATE utf8_unicode_ci NOT NULL,
  `email_verified_at` timestamp NULL DEFAULT NULL,
  `password` varchar(255) COLLATE utf8_unicode_ci NOT NULL,
  `remember_token` varchar(100) COLLATE utf8_unicode_ci DEFAULT NULL,
  `created_at` timestamp NULL DEFAULT NULL,
  `updated_at` timestamp NULL DEFAULT NULL
) ENGINE=InnoDB DEFAULT CHARSET=utf8 COLLATE=utf8_unicode_ci;

--
-- Indexes for dumped tables
--

--
-- Indexes for table `migrations`
--
ALTER TABLE `migrations`
  ADD PRIMARY KEY (`id`);

--
-- Indexes for table `password_resets`
--
ALTER TABLE `password_resets`
  ADD KEY `password_resets_email_index` (`email`);

--
-- Indexes for table `products`
--
ALTER TABLE `products`
  ADD PRIMARY KEY (`id`);

--
-- Indexes for table `reviews`
--
ALTER TABLE `reviews`
  ADD PRIMARY KEY (`id`),
  ADD KEY `reviews_product_id_index` (`product_id`);

--
-- Indexes for table `users`
--
ALTER TABLE `users`
  ADD PRIMARY KEY (`id`),
  ADD UNIQUE KEY `users_email_unique` (`email`);

--
-- AUTO_INCREMENT for dumped tables
--

--
-- AUTO_INCREMENT for table `migrations`
--
ALTER TABLE `migrations`
  MODIFY `id` int(10) UNSIGNED NOT NULL AUTO_INCREMENT, AUTO_INCREMENT=5;

--
-- AUTO_INCREMENT for table `products`
--
ALTER TABLE `products`
  MODIFY `id` int(10) UNSIGNED NOT NULL AUTO_INCREMENT, AUTO_INCREMENT=351;

--
-- AUTO_INCREMENT for table `reviews`
--
ALTER TABLE `reviews`
  MODIFY `id` int(10) UNSIGNED NOT NULL AUTO_INCREMENT, AUTO_INCREMENT=301;

--
-- AUTO_INCREMENT for table `users`
--
ALTER TABLE `users`
  MODIFY `id` int(10) UNSIGNED NOT NULL AUTO_INCREMENT;

--
-- Constraints for dumped tables
--

--
-- Constraints for table `reviews`
--
ALTER TABLE `reviews`
  ADD CONSTRAINT `reviews_product_id_foreign` FOREIGN KEY (`product_id`) REFERENCES `products` (`id`) ON DELETE CASCADE;
COMMIT;

/*!40101 SET CHARACTER_SET_CLIENT=@OLD_CHARACTER_SET_CLIENT */;
/*!40101 SET CHARACTER_SET_RESULTS=@OLD_CHARACTER_SET_RESULTS */;
/*!40101 SET COLLATION_CONNECTION=@OLD_COLLATION_CONNECTION */;
